transaction_id,order_id,timestamp,customer_id,segment,country,loyalty_tier,sku,category,subcategory,unit_price,quantity,gross_amount,discount_percent,net_amount,tax_amount,shipping_fee,profit_margin,warehouse_id,shipping_carrier,delivery_days,status,delayed
TX-4F08424ACBA5,ORD-D7EBD1E9,2026-07-05T14:31:39.354855+00:00,CUST-93714,Small Business,Canada,Gold,SKU-HOM-411,Home & Office,Lighting,227.76,3,683.28,0.0,683.28,56.37,0.0,0.1208,WH-CENTRAL-03,DHL Worldwide,3.9,delivered,False
TX-F43399EC6281,ORD-0E97D8EF,2026-07-26T19:44:39.354855+00:00,CUST-83410,Consumer,Canada,Gold,SKU-HOM-679,Home & Office,Lighting,144.82,3,434.46,0.0,434.46,35.84,0.0,0.1468,WH-EAST-01,FedEx Express,1.9,delivered,False
TX-3CA305944526,ORD-A199E3DC,2026-07-07T00:43:39.354855+00:00,CUST-6579,Enterprise,Canada,Gold,SKU-HOM-255,Home & Office,Storage,333.25,1,333.25,0.0,333.25,27.49,0.0,0.2786,WH-WEST-02,FedEx Express,1.9,delivered,False
TX-B898BBE40983,ORD-B3025911,2026-09-26T11:12:39.354855+00:00,CUST-36887,Enterprise,Japan,Platinum,SKU-HOM-375,Home & Office,Ergonomics,115.85,1,115.85,0.0,115.85,9.56,14.07,0.4492,WH-CENTRAL-03,FedEx Express,3.5,delivered,False
TX-6713B8BB18D8,ORD-D059EE01,2026-08-10T10:17:39.354855+00:00,CUST-8783,Consumer,Germany,Gold,SKU-ELE-819,Electronics,Accessories,309.08,3,927.24,0.0,927.24,76.5,0.0,0.3562,WH-WEST-02,Amazon Logistics,5.6,delivered,True
TX-8D7113B1FF16,ORD-0AF83DC8,2026-07-21T18:55:39.354855+00:00,CUST-4226,Small Business,Canada,Platinum,SKU-HOM-684,Home & Office,Lighting,30.49,2,60.98,10.0,54.88,4.53,30.98,0.3792,WH-APAC-01,FedEx Express,6.8,delivered,True
TX-201F169156EB,ORD-CBE2F08F,2026-07-17T18:29:39.354855+00:00,CUST-16450,Corporate,United Kingdom,Bronze,SKU-AUT-329,Automotive,Lighting,675.75,1,675.75,0.0,675.75,55.75,0.0,0.413,WH-EAST-01,FedEx Express,2.3,in_transit,False
TX-F55BED9E3A30,ORD-E014932F,2026-07-05T22:36:39.354855+00:00,CUST-31913,Small Business,Japan,Silver,SKU-APP-759,Apparel,Footwear,197.79,3,593.37,0.0,593.37,48.95,0.0,0.295,WH-WEST-02,UPS Freight,5.6,delivered,True
TX-E71063F04AFA,ORD-C67C9D34,2026-09-04T04:17:39.354855+00:00,CUST-36252,Consumer,Canada,Platinum,SKU-IND-735,Industrial,Sensors,1102.68,1,1102.68,0.0,1102.68,90.97,0.0,0.391,WH-EU-01,DHL Worldwide,5.0,delivered,False
TX-BB06F9C896F0,ORD-0975ADEA,2026-07-31T19:55:39.354855+00:00,CUST-24752,Small Business,France,Platinum,SKU-AUT-683,Automotive,Brakes,480.07,5,2400.35,5.0,2280.33,188.13,0.0,0.321,WH-CENTRAL-03,DHL Worldwide,6.2,cancelled,True
TX-0F1D5CE8F235,ORD-F57BD66D,2026-08-13T08:15:39.354855+00:00,CUST-91493,Consumer,Japan,Bronze,SKU-HOM-800,Home & Office,Lighting,181.82,3,545.46,25.0,409.1,33.75,0.0,0.4571,WH-EU-01,Amazon Logistics,5.4,delivered,False
TX-A6103A497A62,ORD-15AC4EF6,2026-08-15T08:22:39.354855+00:00,CUST-9476,Consumer,Germany,Silver,SKU-AUT-419,Automotive,Diagnostics,229.77,3,689.31,40.0,413.59,34.12,0.0,0.4049,WH-CENTRAL-03,DHL Worldwide,0.8,cancelled,False
TX-EF7FC7774405,ORD-501DE826,2026-07-16T07:55:39.354855+00:00,CUST-66358,Consumer,Japan,Gold,SKU-IND-359,Industrial,Sensors,2559.0,1,2559.0,15.0,2175.15,179.45,0.0,0.4095,WH-EU-01,UPS Freight,1.7,delivered,False
TX-4376F0D1B46E,ORD-D81D306C,2026-09-24T09:12:39.354855+00:00,CUST-87214,Small Business,Canada,Gold,SKU-APP-765,Apparel,Footwear,106.34,2,212.68,25.0,159.51,13.16,15.34,0.4679,WH-WEST-02,Amazon Logistics,0.8,cancelled,False
TX-621FC0F6724F,ORD-4A6EB064,2026-07-14T04:28:39.354855+00:00,CUST-11811,Small Business,France,Bronze,SKU-IND-916,Industrial,Sensors,869.19,2,1738.38,0.0,1738.38,143.42,0.0,0.35,WH-EAST-01,DHL Worldwide,1.1,delivered,False
TX-838AD7C6CD0D,ORD-E43131AA,2026-09-27T09:46:39.354855+00:00,CUST-91344,Small Business,Singapore,Gold,SKU-AUT-811,Automotive,Batteries,167.74,1,167.74,15.0,142.58,11.76,34.49,0.4133,WH-EAST-01,Amazon Logistics,2.7,delivered,False
TX-3A810BDC46F4,ORD-B24AC6CA,2026-08-23T06:41:39.354855+00:00,CUST-66441,Corporate,USA,Platinum,SKU-ELE-103,Electronics,Smartphones,1693.88,10,16938.8,10.0,15244.92,1257.71,0.0,0.4376,WH-EU-01,Amazon Logistics,5.7,delivered,True
TX-73263E299A23,ORD-5C645193,2026-09-04T06:10:39.354855+00:00,CUST-15036,Enterprise,United Kingdom,Gold,SKU-ELE-722,Electronics,Laptops,343.13,1,343.13,0.0,343.13,28.31,0.0,0.2897,WH-CENTRAL-03,Amazon Logistics,4.3,delivered,False
TX-7A1DF2349266,ORD-F885C353,2026-07-19T03:24:39.354855+00:00,CUST-12378,Small Business,Australia,Platinum,SKU-ELE-191,Electronics,Smartphones,346.7,1,346.7,5.0,329.36,27.17,0.0,0.1813,WH-EU-01,UPS Freight,7.8,delivered,True
TX-B16BE8A20C13,ORD-F8D1FFF8,2026-09-07T19:16:39.354855+00:00,CUST-8782,Small Business,Canada,Bronze,SKU-APP-772,Apparel,Outerwear,342.85,1,342.85,15.0,291.42,24.04,0.0,0.2109,WH-CENTRAL-03,DHL Worldwide,3.2,delivered,False
TX-063C8DC48FFE,ORD-27F7FF5B,2026-08-11T13:53:39.354855+00:00,CUST-59698,Consumer,Singapore,Silver,SKU-ELE-228,Electronics,Displays,183.42,1,183.42,0.0,183.42,15.13,34.9,0.4059,WH-CENTRAL-03,Amazon Logistics,7.7,delivered,True
TX-A256537D23F9,ORD-8253C433,2026-07-17T05:02:39.354855+00:00,CUST-71020,Enterprise,Canada,Gold,SKU-HOM-826,Home & Office,Ergonomics,230.99,1,230.99,0.0,230.99,19.06,11.57,0.3667,WH-EU-01,DHL Worldwide,2.5,delivered,False
TX-E35A9BE040CA,ORD-A87A4006,2026-09-23T21:53:39.354855+00:00,CUST-77555,Corporate,France,Silver,SKU-APP-857,Apparel,Workwear,303.85,1,303.85,0.0,303.85,25.07,0.0,0.4258,WH-CENTRAL-03,Amazon Logistics,1.9,delivered,False
TX-F769ACB2137A,ORD-E0FD9534,2026-09-26T22:00:39.354855+00:00,CUST-74088,Small Business,Germany,Silver,SKU-HOM-226,Home & Office,Furniture,202.43,1,202.43,0.0,202.43,16.7,11.31,0.2044,WH-EU-01,FedEx Express,2.1,delivered,False
TX-9ED03210C843,ORD-8B39335E,2026-07-10T04:41:39.354855+00:00,CUST-89663,Enterprise,Australia,Gold,SKU-HOM-421,Home & Office,Lighting,267.58,1,267.58,15.0,227.44,18.76,22.79,0.1922,WH-APAC-01,FedEx Express,0.8,delivered,False
TX-1077D55A605F,ORD-45BAA154,2026-09-13T23:54:39.354855+00:00,CUST-87027,Small Business,Singapore,Silver,SKU-ELE-758,Electronics,Accessories,1829.21,1,1829.21,0.0,1829.21,150.91,0.0,0.2058,WH-APAC-01,Amazon Logistics,5.7,in_transit,True
TX-650A7A736FBA,ORD-84E273DE,2026-08-28T14:20:39.354855+00:00,CUST-26111,Consumer,Singapore,Silver,SKU-HOM-657,Home & Office,Ergonomics,188.49,1,188.49,0.0,188.49,15.55,21.85,0.3478,WH-EAST-01,DHL Worldwide,4.8,returned,False
TX-E8192A0EAB00,ORD-81922DEF,2026-08-29T07:14:39.354855+00:00,CUST-6168,Enterprise,Germany,Platinum,SKU-HOM-345,Home & Office,Furniture,77.89,2,155.78,10.0,140.2,11.57,14.07,0.1252,WH-EAST-01,FedEx Express,5.4,pending,False
TX-F3F64539FE2D,ORD-D9D5318C,2026-07-13T00:40:39.354855+00:00,CUST-70312,Small Business,Australia,Gold,SKU-IND-852,Industrial,Sensors,318.75,5,1593.75,15.0,1354.69,111.76,0.0,0.3413,WH-CENTRAL-03,UPS Freight,5.4,delivered,False
TX-835BA90BFED8,ORD-152B12C6,2026-07-20T19:57:39.354855+00:00,CUST-39586,Small Business,Singapore,Silver,SKU-IND-342,Industrial,Fasteners,1955.78,2,3911.56,5.0,3715.98,306.57,0.0,0.1674,WH-WEST-02,FedEx Express,3.5,delivered,False
TX-CCEED191183F,ORD-27A91594,2026-09-23T01:14:39.354855+00:00,CUST-51723,Corporate,France,Bronze,SKU-ELE-133,Electronics,Smartphones,1820.17,1,1820.17,0.0,1820.17,150.16,0.0,0.2789,WH-EAST-01,UPS Freight,3.7,delivered,False
TX-10980BD098F4,ORD-1DBAB0A4,2026-08-17T06:37:39.354855+00:00,CUST-88217,Consumer,Japan,Bronze,SKU-AUT-446,Automotive,Diagnostics,602.92,1,602.92,10.0,542.63,44.77,0.0,0.1882,WH-WEST-02,Amazon Logistics,1.3,delivered,False
TX-D539EACA5EAC,ORD-7935F40E,2026-09-30T22:51:39.354855+00:00,CUST-51837,Consumer,United Kingdom,Gold,SKU-IND-175,Industrial,Motors,2635.24,2,5270.48,0.0,5270.48,434.81,0.0,0.3306,WH-WEST-02,Amazon Logistics,1.8,pending,False
TX-BBCF566D5644,ORD-C852FFF7,2026-08-30T17:13:39.354855+00:00,CUST-88521,Enterprise,Japan,Platinum,SKU-APP-391,Apparel,Footwear,125.48,1,125.48,0.0,125.48,10.35,24.91,0.1558,WH-WEST-02,Amazon Logistics,2.7,delivered,False
TX-E83A1D42BF39,ORD-26B00426,2026-07-04T07:38:39.354855+00:00,CUST-61127,Small Business,Singapore,Silver,SKU-ELE-519,Electronics,Laptops,1760.46,1,1760.46,5.0,1672.44,137.98,0.0,0.3794,WH-EAST-01,Amazon Logistics,3.5,delivered,False
TX-DC5D66388452,ORD-E97D09FC,2026-07-04T00:06:39.354855+00:00,CUST-32346,Corporate,Germany,Silver,SKU-IND-774,Industrial,Hydraulics,503.49,1,503.49,0.0,503.49,41.54,0.0,0.4559,WH-CENTRAL-03,DHL Worldwide,0.6,returned,False
TX-7C9501A3A20E,ORD-CE4E8B82,2026-07-26T23:37:39.354855+00:00,CUST-93254,Consumer,Japan,Platinum,SKU-HOM-782,Home & Office,Ergonomics,46.96,1,46.96,40.0,28.18,2.32,33.39,0.1306,WH-EU-01,Amazon Logistics,6.4,delivered,True
TX-E72A310C990D,ORD-5FD43742,2026-09-08T00:08:39.354855+00:00,CUST-20015,Enterprise,Japan,Bronze,SKU-ELE-682,Electronics,Laptops,523.45,1,523.45,0.0,523.45,43.18,0.0,0.3286,WH-WEST-02,Amazon Logistics,4.6,returned,False
TX-15B13A6E4D3B,ORD-FF00FC10,2026-09-19T14:07:39.354855+00:00,CUST-37271,Corporate,France,Bronze,SKU-APP-947,Apparel,Sportswear,224.19,1,224.19,5.0,212.98,17.57,18.0,0.1376,WH-CENTRAL-03,DHL Worldwide,6.0,delivered,True
TX-75A085EDF72C,ORD-EE81BF6A,2026-08-29T00:03:39.354855+00:00,CUST-57719,Small Business,Australia,Gold,SKU-IND-743,Industrial,Motors,1427.41,1,1427.41,0.0,1427.41,117.76,0.0,0.2244,WH-WEST-02,Amazon Logistics,0.8,delivered,False
TX-A9D9F107B704,ORD-D69A9D88,2026-07-20T15:44:39.354855+00:00,CUST-48997,Consumer,Australia,Silver,SKU-HOM-374,Home & Office,Storage,305.67,3,917.01,0.0,917.01,75.65,0.0,0.3131,WH-EU-01,DHL Worldwide,0.7,delivered,False
TX-0B8F6E0A0249,ORD-063DCB45,2026-08-21T07:18:39.354855+00:00,CUST-36621,Small Business,Germany,Platinum,SKU-IND-771,Industrial,Fasteners,355.76,1,355.76,15.0,302.4,24.95,0.0,0.4766,WH-EAST-01,UPS Freight,3.4,delivered,False
TX-B73E318F9606,ORD-13009008,2026-09-16T06:43:39.354855+00:00,CUST-51379,Consumer,Canada,Silver,SKU-ELE-247,Electronics,Laptops,1040.0,5,5200.0,5.0,4940.0,407.55,0.0,0.4196,WH-WEST-02,UPS Freight,1.5,delivered,False
TX-0F6D413385E6,ORD-FA3F7707,2026-07-21T01:42:39.354855+00:00,CUST-46847,Enterprise,Australia,Bronze,SKU-ELE-368,Electronics,Smartphones,784.73,1,784.73,15.0,667.02,55.03,0.0,0.2951,WH-WEST-02,FedEx Express,2.1,delivered,False
TX-DBB6F0541A09,ORD-072D1A79,2026-09-27T12:11:39.354855+00:00,CUST-30968,Small Business,Germany,Gold,SKU-APP-572,Apparel,Sportswear,266.58,1,266.58,25.0,199.94,16.5,24.26,0.3023,WH-APAC-01,FedEx Express,4.9,delivered,False
TX-2B8502BCE931,ORD-CA08312A,2026-07-08T12:33:39.354855+00:00,CUST-50197,Small Business,France,Gold,SKU-HOM-583,Home & Office,Ergonomics,172.88,1,172.88,5.0,164.24,13.55,30.04,0.234,WH-WEST-02,UPS Freight,0.9,delivered,False
TX-741A1471C839,ORD-B361E1C2,2026-09-22T00:33:39.354855+00:00,CUST-23276,Consumer,France,Silver,SKU-ELE-737,Electronics,Smartphones,320.45,1,320.45,0.0,320.45,26.44,0.0,0.1918,WH-WEST-02,FedEx Express,3.0,cancelled,False
TX-76ABFDC1A2F2,ORD-8B5E5CA7,2026-07-20T20:06:39.354855+00:00,CUST-71056,Consumer,France,Platinum,SKU-ELE-157,Electronics,Audio,1063.98,1,1063.98,10.0,957.58,79.0,0.0,0.3466,WH-WEST-02,UPS Freight,2.9,in_transit,False
TX-EDEFC5E0C188,ORD-39CC930C,2026-09-06T18:22:39.354855+00:00,CUST-72330,Small Business,USA,Gold,SKU-APP-991,Apparel,Footwear,117.38,1,117.38,40.0,70.43,5.81,20.15,0.1825,WH-EAST-01,FedEx Express,3.4,delivered,False
TX-738C7C98F9EE,ORD-CE0F6A82,2026-08-08T06:01:39.354855+00:00,CUST-81040,Small Business,United Kingdom,Platinum,SKU-IND-577,Industrial,Sensors,3038.05,2,6076.1,5.0,5772.3,476.21,0.0,0.1749,WH-EU-01,Amazon Logistics,3.8,delivered,False
TX-321FB5A6A583,ORD-7ED7AF2A,2026-07-18T20:13:39.354855+00:00,CUST-63134,Enterprise,Germany,Bronze,SKU-APP-790,Apparel,Sportswear,204.29,25,5107.25,25.0,3830.44,316.01,0.0,0.3524,WH-EAST-01,FedEx Express,5.8,delivered,True
TX-A8DAA232886D,ORD-50C18D59,2026-09-05T17:33:39.354855+00:00,CUST-25124,Consumer,USA,Gold,SKU-HOM-519,Home & Office,Lighting,274.47,2,548.94,15.0,466.6,38.49,0.0,0.3704,WH-APAC-01,Amazon Logistics,0.8,delivered,False
TX-8E061181942E,ORD-F02C685B,2026-08-01T16:53:39.354855+00:00,CUST-67149,Consumer,Japan,Bronze,SKU-AUT-444,Automotive,Batteries,211.16,1,211.16,5.0,200.6,16.55,14.47,0.182,WH-EAST-01,DHL Worldwide,5.7,delivered,True
TX-408C26D58724,ORD-DB417A9E,2026-07-30T08:47:39.354855+00:00,CUST-15240,Enterprise,Japan,Platinum,SKU-IND-438,Industrial,Pneumatics,2939.12,1,2939.12,40.0,1763.47,145.49,0.0,0.2693,WH-CENTRAL-03,UPS Freight,1.9,delivered,False
TX-553F75D5A3FB,ORD-D3D33785,2026-09-20T09:00:39.354855+00:00,CUST-94372,Enterprise,France,Platinum,SKU-AUT-448,Automotive,Lighting,253.76,3,761.28,0.0,761.28,62.81,0.0,0.3128,WH-WEST-02,FedEx Express,4.3,pending,False
TX-5570CB73EB40,ORD-9D1E64B5,2026-09-30T10:01:39.354855+00:00,CUST-18491,Consumer,Singapore,Gold,SKU-HOM-775,Home & Office,Furniture,108.75,1,108.75,5.0,103.31,8.52,28.87,0.2279,WH-APAC-01,DHL Worldwide,4.5,returned,False
TX-67B5B2EB09FA,ORD-98ECBDA0,2026-07-03T21:06:39.354855+00:00,CUST-5276,Small Business,Canada,Bronze,SKU-IND-350,Industrial,Hydraulics,3000.81,1,3000.81,5.0,2850.77,235.19,0.0,0.2544,WH-EU-01,UPS Freight,1.8,delivered,False
TX-B974E8D38DF1,ORD-801E414C,2026-08-23T09:34:39.354855+00:00,CUST-6234,Enterprise,USA,Gold,SKU-HOM-779,Home & Office,Storage,87.79,1,87.79,0.0,87.79,7.24,32.09,0.3864,WH-WEST-02,DHL Worldwide,6.3,delivered,True
TX-DB308F48BEBA,ORD-6F5416B4,2026-07-23T02:13:39.354855+00:00,CUST-83494,Small Business,Canada,Platinum,SKU-ELE-923,Electronics,Laptops,690.93,1,690.93,15.0,587.29,48.45,0.0,0.297,WH-EU-01,DHL Worldwide,0.7,delivered,False
TX-CB84BCD2226F,ORD-ACBC462C,2026-07-03T14:25:39.354855+00:00,CUST-8155,Enterprise,Australia,Gold,SKU-HOM-387,Home & Office,Storage,297.57,3,892.71,5.0,848.07,69.97,0.0,0.2495,WH-EAST-01,FedEx Express,3.9,delivered,False
TX-70BA6F71B2BC,ORD-02C45FD0,2026-07-13T10:49:39.354855+00:00,CUST-10556,Corporate,Japan,Bronze,SKU-ELE-250,Electronics,Displays,487.97,1,487.97,0.0,487.97,40.26,0.0,0.219,WH-WEST-02,UPS Freight,4.5,delivered,False
TX-7C9BD66EE240,ORD-9E100705,2026-08-05T03:54:39.354855+00:00,CUST-10961,Corporate,United Kingdom,Gold,SKU-APP-454,Apparel,Sportswear,169.79,1,169.79,10.0,152.81,12.61,12.61,0.1346,WH-APAC-01,UPS Freight,4.0,delivered,False
TX-F91829E91A40,ORD-D0EE6B9A,2026-08-18T05:06:39.354855+00:00,CUST-81118,Consumer,France,Bronze,SKU-IND-998,Industrial,Fasteners,1161.95,3,3485.85,10.0,3137.26,258.82,0.0,0.1397,WH-WEST-02,Amazon Logistics,3.9,delivered,False
TX-207AC5E05384,ORD-EE95B038,2026-07-25T00:48:39.354855+00:00,CUST-44211,Consumer,Singapore,Gold,SKU-IND-449,Industrial,Motors,1714.14,2,3428.28,10.0,3085.45,254.55,0.0,0.4693,WH-APAC-01,DHL Worldwide,6.0,in_transit,True
TX-B64F8588DEEB,ORD-C1D1DA81,2026-09-30T12:24:39.354855+00:00,CUST-65208,Corporate,United Kingdom,Platinum,SKU-ELE-771,Electronics,Displays,608.38,10,6083.8,0.0,6083.8,501.91,0.0,0.1784,WH-CENTRAL-03,DHL Worldwide,4.8,in_transit,True
TX-471385AA61B5,ORD-86079500,2026-08-07T14:02:39.354855+00:00,CUST-22849,Enterprise,Canada,Platinum,SKU-AUT-336,Automotive,Batteries,304.26,1,304.26,15.0,258.62,21.34,0.0,0.2886,WH-WEST-02,DHL Worldwide,1.1,pending,False
TX-CE702292CD8E,ORD-6BC32C5E,2026-08-15T19:07:39.354855+00:00,CUST-31820,Small Business,France,Platinum,SKU-APP-612,Apparel,Footwear,98.5,1,98.5,5.0,93.57,7.72,28.88,0.3842,WH-WEST-02,Amazon Logistics,3.3,delivered,False
TX-6006992C9FC9,ORD-6F03DF85,2026-08-20T12:10:39.354855+00:00,CUST-89443,Consumer,United Kingdom,Platinum,SKU-IND-689,Industrial,Fasteners,2089.46,2,4178.92,10.0,3761.03,310.28,0.0,0.2718,WH-EAST-01,UPS Freight,7.3,delivered,True
TX-2058D90DADF7,ORD-F3523C8F,2026-08-14T04:48:39.354855+00:00,CUST-40164,Corporate,Canada,Gold,SKU-AUT-668,Automotive,Diagnostics,760.63,2,1521.26,0.0,1521.26,125.5,0.0,0.1475,WH-APAC-01,Amazon Logistics,6.8,delivered,True
TX-FF6E7EAA9160,ORD-15115F92,2026-09-25T09:54:39.354855+00:00,CUST-11739,Small Business,Japan,Bronze,SKU-AUT-901,Automotive,Batteries,391.12,1,391.12,25.0,293.34,24.2,0.0,0.283,WH-APAC-01,Amazon Logistics,3.2,delivered,False
TX-146FB303334B,ORD-3D93B34E,2026-09-21T12:26:39.354855+00:00,CUST-11053,Enterprise,Japan,Bronze,SKU-HOM-894,Home & Office,Furniture,289.9,1,289.9,15.0,246.41,20.33,34.59,0.2898,WH-WEST-02,DHL Worldwide,5.9,delivered,True
TX-1C93AB621B8F,ORD-749B8FEC,2026-07-21T05:48:39.354855+00:00,CUST-63377,Consumer,Canada,Bronze,SKU-ELE-132,Electronics,Smartphones,1251.75,1,1251.75,0.0,1251.75,103.27,0.0,0.2868,WH-WEST-02,DHL Worldwide,5.4,delivered,False
TX-D972C251DE06,ORD-3ED5C771,2026-09-07T06:49:39.354855+00:00,CUST-88683,Enterprise,France,Platinum,SKU-APP-615,Apparel,Sportswear,127.17,1,127.17,5.0,120.81,9.97,10.19,0.433,WH-WEST-02,Amazon Logistics,6.2,delivered,True
TX-534E35B04CC4,ORD-4CFF2127,2026-09-01T06:19:39.354855+00:00,CUST-99789,Corporate,Canada,Bronze,SKU-ELE-265,Electronics,Accessories,1457.42,1,1457.42,0.0,1457.42,120.24,0.0,0.22,WH-CENTRAL-03,UPS Freight,2.8,delivered,False
TX-C58A886A54B5,ORD-BA2CA608,2026-09-01T04:20:39.354855+00:00,CUST-20174,Consumer,Canada,Bronze,SKU-AUT-418,Automotive,Brakes,657.7,1,657.7,10.0,591.93,48.83,0.0,0.4086,WH-CENTRAL-03,DHL Worldwide,5.0,delivered,False
TX-6D224B70148F,ORD-C7B7815E,2026-07-26T13:15:39.354855+00:00,CUST-20584,Enterprise,Japan,Platinum,SKU-ELE-188,Electronics,Accessories,1661.41,5,8307.05,5.0,7891.7,651.07,0.0,0.2113,WH-EAST-01,Amazon Logistics,1.1,in_transit,False
TX-1BE318171ACF,ORD-FDF32127,2026-07-16T10:14:39.354855+00:00,CUST-53791,Consumer,Singapore,Bronze,SKU-IND-962,Industrial,Hydraulics,2381.82,1,2381.82,0.0,2381.82,196.5,0.0,0.3636,WH-APAC-01,FedEx Express,4.0,delivered,False
TX-A9664B83BCE5,ORD-789C8267,2026-09-03T16:34:39.354855+00:00,CUST-24131,Enterprise,Australia,Platinum,SKU-HOM-562,Home & Office,Lighting,317.96,1,317.96,0.0,317.96,26.23,0.0,0.1727,WH-EAST-01,DHL Worldwide,2.7,delivered,False
TX-CD69444E2321,ORD-2978EAE4,2026-07-30T17:35:39.354855+00:00,CUST-13804,Consumer,Germany,Platinum,SKU-HOM-245,Home & Office,Furniture,231.98,1,231.98,0.0,231.98,19.14,10.06,0.1876,WH-EU-01,DHL Worldwide,2.9,delivered,False
TX-A978264C7567,ORD-A179FCA0,2026-07-19T02:34:39.354855+00:00,CUST-60269,Small Business,France,Silver,SKU-AUT-266,Automotive,Diagnostics,204.31,2,408.62,0.0,408.62,33.71,0.0,0.1283,WH-EU-01,Amazon Logistics,4.8,in_transit,True
TX-27670141A72E,ORD-41218416,2026-07-15T01:02:39.354855+00:00,CUST-74779,Corporate,Japan,Platinum,SKU-HOM-377,Home & Office,Ergonomics,268.23,25,6705.75,10.0,6035.18,497.9,0.0,0.3035,WH-CENTRAL-03,Amazon Logistics,2.8,delivered,False
TX-60EBB7E5ED8E,ORD-4B418CF0,2026-09-28T13:53:39.354855+00:00,CUST-94797,Small Business,Canada,Gold,SKU-HOM-958,Home & Office,Lighting,18.38,2,36.76,10.0,33.08,2.73,9.23,0.4064,WH-EU-01,Amazon Logistics,5.1,delivered,False
TX-5540BC3B0C6D,ORD-EEE730E6,2026-08-07T11:12:39.354855+00:00,CUST-57817,Consumer,Japan,Gold,SKU-AUT-763,Automotive,Lighting,48.1,1,48.1,10.0,43.29,3.57,18.6,0.4793,WH-EAST-01,DHL Worldwide,3.2,delivered,False
TX-EF4EB0DE7E42,ORD-1767727B,2026-07-15T17:20:39.354855+00:00,CUST-78955,Corporate,Canada,Platinum,SKU-AUT-946,Automotive,Diagnostics,613.94,1,613.94,15.0,521.85,43.05,0.0,0.1383,WH-WEST-02,FedEx Express,3.1,delivered,False
TX-D2205C584D8D,ORD-5AF1614C,2026-09-09T06:07:39.354855+00:00,CUST-86021,Consumer,Japan,Silver,SKU-AUT-427,Automotive,Lighting,627.1,25,15677.5,0.0,15677.5,1293.39,0.0,0.4123,WH-WEST-02,Amazon Logistics,0.8,delivered,False
TX-C0E827865551,ORD-05FC4B9B,2026-09-10T15:59:39.354855+00:00,CUST-59653,Consumer,United Kingdom,Silver,SKU-APP-766,Apparel,Workwear,267.3,1,267.3,0.0,267.3,22.05,0.0,0.1757,WH-EU-01,UPS Freight,7.0,delivered,True
TX-1390253202B7,ORD-BD62D846,2026-08-26T11:40:39.354855+00:00,CUST-70975,Corporate,Singapore,Platinum,SKU-IND-323,Industrial,Pneumatics,1992.74,2,3985.48,5.0,3786.21,312.36,0.0,0.1597,WH-EU-01,Amazon Logistics,4.5,delivered,False
TX-895C85F4F5B0,ORD-345975F7,2026-07-23T08:13:39.354855+00:00,CUST-30290,Enterprise,United Kingdom,Bronze,SKU-AUT-932,Automotive,Batteries,622.51,1,622.51,25.0,466.88,38.52,0.0,0.4052,WH-EAST-01,DHL Worldwide,6.7,delivered,True
TX-CEB815A18BFD,ORD-20625251,2026-08-17T07:11:39.354855+00:00,CUST-97674,Enterprise,Canada,Silver,SKU-AUT-225,Automotive,Batteries,514.21,1,514.21,5.0,488.5,40.3,0.0,0.4257,WH-EU-01,UPS Freight,3.9,delivered,False
TX-17C2B177E553,ORD-8DAC35FE,2026-07-25T01:40:39.354855+00:00,CUST-24340,Small Business,Germany,Gold,SKU-AUT-444,Automotive,Diagnostics,621.04,1,621.04,0.0,621.04,51.24,0.0,0.3145,WH-CENTRAL-03,UPS Freight,3.2,delivered,False
TX-6DE24D392661,ORD-E814B976,2026-09-01T10:37:39.354855+00:00,CUST-87465,Enterprise,Canada,Platinum,SKU-IND-451,Industrial,Pneumatics,773.47,3,2320.41,0.0,2320.41,191.43,0.0,0.1979,WH-EU-01,UPS Freight,2.9,delivered,False
TX-B47A7077A306,ORD-B9F97C39,2026-08-29T04:26:39.354855+00:00,CUST-66413,Enterprise,Australia,Silver,SKU-APP-698,Apparel,Outerwear,264.58,3,793.74,40.0,476.24,39.29,0.0,0.237,WH-EAST-01,Amazon Logistics,0.8,delivered,False
TX-F7C8351F35CF,ORD-44E7DA12,2026-09-22T08:44:39.354855+00:00,CUST-41415,Small Business,Canada,Silver,SKU-AUT-569,Automotive,Diagnostics,771.16,1,771.16,0.0,771.16,63.62,0.0,0.2909,WH-CENTRAL-03,Amazon Logistics,4.1,delivered,False
TX-B8A03743B8C7,ORD-E6EB3309,2026-09-27T12:22:39.354855+00:00,CUST-58235,Consumer,Singapore,Bronze,SKU-ELE-868,Electronics,Audio,279.68,1,279.68,10.0,251.71,20.77,0.0,0.4502,WH-EAST-01,Amazon Logistics,1.6,delivered,False
TX-0DF1E0229782,ORD-2951E398,2026-09-05T18:41:39.354855+00:00,CUST-80068,Enterprise,France,Gold,SKU-AUT-380,Automotive,Lighting,469.4,5,2347.0,0.0,2347.0,193.63,0.0,0.269,WH-EAST-01,FedEx Express,4.3,pending,False
TX-F62C5E8DC8ED,ORD-D66DBD1D,2026-09-23T11:46:39.354855+00:00,CUST-87913,Enterprise,Canada,Gold,SKU-HOM-523,Home & Office,Lighting,228.96,1,228.96,0.0,228.96,18.89,22.29,0.1473,WH-EU-01,UPS Freight,4.9,delivered,False
TX-54F89F559C22,ORD-DF7394E7,2026-07-30T04:37:39.354855+00:00,CUST-40881,Enterprise,Japan,Gold,SKU-IND-265,Industrial,Motors,886.5,1,886.5,5.0,842.17,69.48,0.0,0.2449,WH-WEST-02,DHL Worldwide,2.7,delivered,False
TX-5C5E1F9926C2,ORD-A2B89BA2,2026-09-07T18:45:39.354855+00:00,CUST-3854,Enterprise,Japan,Silver,SKU-IND-333,Industrial,Motors,289.88,2,579.76,10.0,521.78,43.05,0.0,0.4219,WH-EAST-01,FedEx Express,2.8,in_transit,False
TX-F16FAA6B5BF3,ORD-82A3DE24,2026-08-22T12:23:39.354855+00:00,CUST-9297,Small Business,Australia,Platinum,SKU-AUT-311,Automotive,Lighting,811.85,1,811.85,15.0,690.07,56.93,0.0,0.4056,WH-APAC-01,FedEx Express,5.2,delivered,False
TX-4E2EC93A8653,ORD-2BAD4282,2026-08-07T14:50:39.354855+00:00,CUST-19958,Consumer,France,Gold,SKU-AUT-717,Automotive,Brakes,717.59,1,717.59,0.0,717.59,59.2,0.0,0.198,WH-EU-01,DHL Worldwide,4.1,delivered,False
TX-FED16E5FA602,ORD-18274839,2026-07-10T11:10:39.354855+00:00,CUST-10357,Corporate,Singapore,Gold,SKU-ELE-578,Electronics,Smartphones,852.32,2,1704.64,0.0,1704.64,140.63,0.0,0.2007,WH-EU-01,UPS Freight,4.7,delivered,False
TX-390BB2F27913,ORD-82B45777,2026-08-25T18:08:39.354855+00:00,CUST-91037,Small Business,Germany,Bronze,SKU-APP-530,Apparel,Sportswear,140.53,1,140.53,10.0,126.48,10.43,17.36,0.1505,WH-CENTRAL-03,UPS Freight,0.5,delivered,False
TX-E46456C0D94A,ORD-9A081184,2026-08-19T21:42:39.354855+00:00,CUST-20706,Consumer,USA,Silver,SKU-IND-347,Industrial,Pneumatics,1595.23,3,4785.69,10.0,4307.12,355.34,0.0,0.3087,WH-APAC-01,Amazon Logistics,4.8,delivered,False
TX-70ED348C3E86,ORD-46B25DE6,2026-07-17T09:23:39.354855+00:00,CUST-75101,Corporate,Canada,Bronze,SKU-HOM-611,Home & Office,Furniture,105.88,1,105.88,5.0,100.59,8.3,8.78,0.4646,WH-CENTRAL-03,FedEx Express,3.2,delivered,False
TX-5CC536547CC5,ORD-0D22D88C,2026-07-14T05:24:39.354855+00:00,CUST-63710,Small Business,Australia,Silver,SKU-AUT-304,Automotive,Batteries,233.27,1,233.27,5.0,221.61,18.28,10.27,0.2559,WH-APAC-01,DHL Worldwide,2.9,delivered,False
TX-E17113FC5FC3,ORD-BD97A610,2026-08-02T05:18:39.354855+00:00,CUST-41155,Corporate,France,Gold,SKU-APP-124,Apparel,Outerwear,328.58,1,328.58,0.0,328.58,27.11,0.0,0.2381,WH-CENTRAL-03,Amazon Logistics,2.8,returned,False
TX-4ADBA49BDA85,ORD-6003BB9F,2026-09-13T06:31:39.354855+00:00,CUST-91288,Consumer,United Kingdom,Bronze,SKU-ELE-432,Electronics,Displays,1010.84,1,1010.84,0.0,1010.84,83.39,0.0,0.2898,WH-WEST-02,DHL Worldwide,3.5,delivered,False
TX-407BD9AE6CA2,ORD-F5E56C8E,2026-09-19T12:31:39.354855+00:00,CUST-52346,Corporate,France,Silver,SKU-HOM-735,Home & Office,Storage,136.92,1,136.92,0.0,136.92,11.3,9.78,0.1497,WH-EAST-01,FedEx Express,1.8,delivered,False
TX-37672A3CFA86,ORD-9E09CEF4,2026-08-09T00:44:39.354855+00:00,CUST-21191,Small Business,Singapore,Bronze,SKU-IND-351,Industrial,Sensors,2608.14,1,2608.14,15.0,2216.92,182.9,0.0,0.1406,WH-WEST-02,FedEx Express,4.8,delivered,False
TX-568CEF4454EA,ORD-997DCB10,2026-08-21T13:26:39.354855+00:00,CUST-40485,Corporate,United Kingdom,Gold,SKU-HOM-818,Home & Office,Furniture,192.83,1,192.83,10.0,173.55,14.32,22.27,0.2237,WH-APAC-01,FedEx Express,2.0,in_transit,False
TX-63E2F9D19E61,ORD-7B2E61E2,2026-08-31T03:24:39.354855+00:00,CUST-54998,Enterprise,Germany,Silver,SKU-HOM-350,Home & Office,Lighting,169.39,2,338.78,0.0,338.78,27.95,0.0,0.1688,WH-WEST-02,Amazon Logistics,3.9,delivered,False
TX-942D18067E24,ORD-D30031A3,2026-08-11T04:53:39.354855+00:00,CUST-23984,Enterprise,Australia,Platinum,SKU-HOM-764,Home & Office,Lighting,251.03,1,251.03,10.0,225.93,18.64,11.52,0.4215,WH-APAC-01,DHL Worldwide,2.8,in_transit,False
TX-5FBE5E91BD06,ORD-D0D47090,2026-07-29T00:54:39.354855+00:00,CUST-73521,Small Business,Australia,Platinum,SKU-ELE-456,Electronics,Accessories,165.64,1,165.64,0.0,165.64,13.67,19.63,0.2888,WH-CENTRAL-03,UPS Freight,3.3,delivered,False
TX-23EB7F03E213,ORD-BD8B9181,2026-08-16T10:21:39.354855+00:00,CUST-24268,Consumer,Singapore,Platinum,SKU-HOM-105,Home & Office,Ergonomics,124.08,3,372.24,15.0,316.4,26.1,0.0,0.4004,WH-EU-01,FedEx Express,1.0,in_transit,False
TX-77CE1BA349C0,ORD-ACBBE56A,2026-09-13T13:53:39.354855+00:00,CUST-27712,Corporate,France,Gold,SKU-APP-466,Apparel,Sportswear,194.12,2,388.24,15.0,330.0,27.23,0.0,0.2195,WH-WEST-02,DHL Worldwide,4.9,delivered,False
TX-017B0873E3D1,ORD-F4100A2E,2026-07-11T12:32:39.354855+00:00,CUST-85800,Consumer,Canada,Gold,SKU-HOM-775,Home & Office,Storage,43.2,1,43.2,0.0,43.2,3.56,20.5,0.2286,WH-APAC-01,FedEx Express,4.4,delivered,False
TX-74D0DE43B435,ORD-03934D1B,2026-08-10T07:38:39.354855+00:00,CUST-52750,Consumer,Australia,Gold,SKU-ELE-853,Electronics,Accessories,926.47,1,926.47,0.0,926.47,76.43,0.0,0.4754,WH-CENTRAL-03,Amazon Logistics,2.8,delivered,False
TX-A03BEB13B385,ORD-2D14EAF7,2026-07-20T20:20:39.354855+00:00,CUST-87770,Consumer,Singapore,Silver,SKU-ELE-919,Electronics,Laptops,934.26,3,2802.78,0.0,2802.78,231.23,0.0,0.4623,WH-CENTRAL-03,DHL Worldwide,5.6,delivered,True
TX-FC6900F7FF72,ORD-03147457,2026-07-16T18:35:39.354855+00:00,CUST-93831,Consumer,Singapore,Silver,SKU-AUT-873,Automotive,Diagnostics,825.65,3,2476.95,0.0,2476.95,204.35,0.0,0.1262,WH-EAST-01,Amazon Logistics,4.2,delivered,False
TX-5604705721E0,ORD-8BC1E422,2026-08-08T17:41:39.354855+00:00,CUST-38095,Enterprise,United Kingdom,Platinum,SKU-APP-173,Apparel,Outerwear,30.91,3,92.73,25.0,69.55,5.74,28.1,0.2448,WH-APAC-01,DHL Worldwide,4.4,delivered,False
TX-EF471659DE8F,ORD-01615925,2026-08-12T00:49:39.354855+00:00,CUST-74943,Corporate,USA,Silver,SKU-APP-500,Apparel,Workwear,74.39,1,74.39,0.0,74.39,6.14,32.92,0.1944,WH-EU-01,FedEx Express,1.3,delivered,False
TX-84800D959CD6,ORD-5E827D7D,2026-08-02T11:42:39.354855+00:00,CUST-78992,Enterprise,United Kingdom,Silver,SKU-APP-680,Apparel,Outerwear,75.37,1,75.37,10.0,67.83,5.6,34.21,0.3783,WH-WEST-02,Amazon Logistics,3.7,delivered,False
TX-AB12965F4EE8,ORD-3CE76414,2026-09-19T08:01:39.354855+00:00,CUST-56444,Consumer,Australia,Gold,SKU-ELE-976,Electronics,Smartphones,437.78,3,1313.34,5.0,1247.67,102.93,0.0,0.3492,WH-CENTRAL-03,UPS Freight,1.0,delivered,False
TX-E99FC1044E27,ORD-36D54DEF,2026-07-25T07:46:39.354855+00:00,CUST-55494,Enterprise,Australia,Bronze,SKU-APP-659,Apparel,Sportswear,36.32,1,36.32,40.0,21.79,1.8,15.03,0.1887,WH-EU-01,FedEx Express,3.2,delivered,False
TX-640CD150A336,ORD-54B18C7B,2026-07-04T09:17:39.354855+00:00,CUST-89596,Enterprise,Singapore,Gold,SKU-APP-113,Apparel,Workwear,27.78,1,27.78,5.0,26.39,2.18,25.81,0.2109,WH-CENTRAL-03,FedEx Express,2.5,delivered,False
TX-15C668211B67,ORD-19198863,2026-07-03T17:57:39.354855+00:00,CUST-99948,Consumer,Canada,Platinum,SKU-IND-321,Industrial,Motors,1713.27,3,5139.81,15.0,4368.84,360.43,0.0,0.4549,WH-WEST-02,UPS Freight,4.8,delivered,False
TX-568A946A5501,ORD-7A1AA76E,2026-08-15T22:42:39.354855+00:00,CUST-92683,Small Business,France,Gold,SKU-APP-812,Apparel,Footwear,271.76,3,815.28,0.0,815.28,67.26,0.0,0.4063,WH-APAC-01,DHL Worldwide,3.9,delivered,False
TX-6A7AD64D40D3,ORD-94D9EEB7,2026-08-31T07:48:39.354855+00:00,CUST-29030,Consumer,Japan,Bronze,SKU-HOM-803,Home & Office,Ergonomics,324.07,1,324.07,0.0,324.07,26.74,0.0,0.3169,WH-WEST-02,Amazon Logistics,1.8,in_transit,False
TX-7311B175F648,ORD-07193EAB,2026-09-05T18:09:39.354855+00:00,CUST-80069,Corporate,France,Gold,SKU-APP-638,Apparel,Sportswear,286.76,1,286.76,0.0,286.76,23.66,0.0,0.3055,WH-APAC-01,DHL Worldwide,3.1,cancelled,False
TX-3B47B568E7AE,ORD-E9FB80EF,2026-09-03T08:44:39.354855+00:00,CUST-42732,Small Business,Canada,Silver,SKU-ELE-551,Electronics,Displays,532.69,1,532.69,0.0,532.69,43.95,0.0,0.185,WH-EAST-01,FedEx Express,4.1,delivered,False
TX-74A4E0363E7B,ORD-49797396,2026-07-27T21:54:39.354855+00:00,CUST-26585,Enterprise,USA,Silver,SKU-ELE-944,Electronics,Smartphones,627.2,5,3136.0,0.0,3136.0,258.72,0.0,0.4018,WH-CENTRAL-03,DHL Worldwide,3.1,delivered,False
TX-F0E5DFCA25E0,ORD-13AF30F4,2026-08-27T01:04:39.354855+00:00,CUST-87164,Small Business,Australia,Bronze,SKU-HOM-463,Home & Office,Storage,73.74,1,73.74,5.0,70.05,5.78,25.62,0.2218,WH-EU-01,Amazon Logistics,6.6,delivered,True
TX-50A117DEE0EF,ORD-920F3C1D,2026-09-10T15:09:39.354855+00:00,CUST-85376,Corporate,United Kingdom,Bronze,SKU-AUT-870,Automotive,Lighting,441.34,1,441.34,5.0,419.27,34.59,0.0,0.4622,WH-CENTRAL-03,FedEx Express,2.3,delivered,False
TX-29C2BA89DDFF,ORD-D381DC20,2026-09-25T03:24:39.354855+00:00,CUST-50884,Small Business,United Kingdom,Silver,SKU-IND-617,Industrial,Sensors,2686.92,3,8060.76,15.0,6851.65,565.26,0.0,0.2976,WH-EU-01,FedEx Express,0.8,delivered,False
TX-3C14C18B6CF2,ORD-85A3EC6A,2026-08-13T11:58:39.354855+00:00,CUST-9345,Enterprise,Canada,Gold,SKU-APP-555,Apparel,Sportswear,19.9,25,497.5,0.0,497.5,41.04,0.0,0.1792,WH-WEST-02,FedEx Express,3.5,delivered,False
TX-727076A3F4FA,ORD-96810F23,2026-08-08T16:50:39.354855+00:00,CUST-50019,Enterprise,United Kingdom,Silver,SKU-ELE-618,Electronics,Audio,1767.9,1,1767.9,0.0,1767.9,145.85,0.0,0.3333,WH-EAST-01,UPS Freight,5.4,in_transit,True
TX-D8F74E123ADF,ORD-38FFA26D,2026-07-06T07:14:39.354855+00:00,CUST-2713,Small Business,Germany,Gold,SKU-AUT-464,Automotive,Batteries,425.93,1,425.93,15.0,362.04,29.87,0.0,0.3439,WH-APAC-01,Amazon Logistics,4.3,delivered,False
TX-8F4C3211412C,ORD-05986111,2026-08-01T09:33:39.354855+00:00,CUST-58714,Enterprise,Singapore,Gold,SKU-APP-971,Apparel,Workwear,105.56,2,211.12,0.0,211.12,17.42,32.2,0.2426,WH-EAST-01,DHL Worldwide,3.7,in_transit,False
TX-AB641BC4C43A,ORD-DC1FA2EC,2026-08-19T13:13:39.354855+00:00,CUST-87669,Corporate,Germany,Bronze,SKU-HOM-820,Home & Office,Storage,321.75,2,643.5,5.0,611.32,50.43,0.0,0.3421,WH-EU-01,FedEx Express,3.6,delivered,False
TX-8DBE6899ADA4,ORD-AF76F697,2026-08-10T22:32:39.354855+00:00,CUST-41317,Corporate,United Kingdom,Gold,SKU-AUT-739,Automotive,Diagnostics,310.98,1,310.98,0.0,310.98,25.66,0.0,0.3082,WH-EU-01,FedEx Express,3.1,delivered,False
TX-CBB571BDA18A,ORD-FEF4A4A7,2026-09-02T07:20:39.354855+00:00,CUST-84091,Small Business,France,Platinum,SKU-IND-335,Industrial,Fasteners,1500.45,1,1500.45,5.0,1425.43,117.6,0.0,0.3158,WH-EAST-01,UPS Freight,4.5,delivered,False
TX-80695CFB0BA6,ORD-419C5F41,2026-09-27T04:40:39.354855+00:00,CUST-39945,Consumer,France,Platinum,SKU-AUT-693,Automotive,Diagnostics,308.66,3,925.98,0.0,925.98,76.39,0.0,0.4552,WH-EAST-01,DHL Worldwide,1.9,delivered,False
TX-57C116914A3E,ORD-E4F80DFE,2026-07-14T10:37:39.354855+00:00,CUST-19116,Corporate,Germany,Platinum,SKU-ELE-959,Electronics,Accessories,238.38,1,238.38,15.0,202.62,16.72,29.23,0.2742,WH-CENTRAL-03,UPS Freight,3.8,in_transit,False
TX-4A69DFCB26AA,ORD-BD19747F,2026-09-03T13:21:39.354855+00:00,CUST-79355,Corporate,USA,Gold,SKU-ELE-799,Electronics,Laptops,1543.42,3,4630.26,5.0,4398.75,362.9,0.0,0.3048,WH-EU-01,DHL Worldwide,3.6,delivered,False
TX-6F93AE477066,ORD-6F51099C,2026-09-29T02:34:39.354855+00:00,CUST-90840,Corporate,USA,Silver,SKU-ELE-928,Electronics,Laptops,627.77,1,627.77,10.0,564.99,46.61,0.0,0.3482,WH-WEST-02,UPS Freight,4.3,delivered,False
TX-F55B31F91C3E,ORD-5B9F5E26,2026-09-09T00:21:39.354855+00:00,CUST-66335,Small Business,United Kingdom,Platinum,SKU-HOM-570,Home & Office,Ergonomics,203.02,1,203.02,0.0,203.02,16.75,27.77,0.2178,WH-CENTRAL-03,FedEx Express,3.6,pending,False
TX-100C9267A2DA,ORD-F7A2D72B,2026-09-07T03:54:39.354855+00:00,CUST-97351,Small Business,United Kingdom,Gold,SKU-HOM-165,Home & Office,Ergonomics,75.77,3,227.31,0.0,227.31,18.75,27.6,0.2519,WH-WEST-02,Amazon Logistics,3.1,in_transit,False
TX-DFEAABFE5DEE,ORD-07B70FB3,2026-09-26T02:43:39.354855+00:00,CUST-15812,Corporate,USA,Silver,SKU-AUT-850,Automotive,Batteries,744.25,1,744.25,15.0,632.61,52.19,0.0,0.266,WH-WEST-02,FedEx Express,3.6,delivered,False
TX-E004F86C3631,ORD-6BA096B0,2026-08-27T17:48:39.354855+00:00,CUST-56095,Corporate,Canada,Bronze,SKU-IND-482,Industrial,Pneumatics,2688.32,3,8064.96,0.0,8064.96,665.36,0.0,0.153,WH-EAST-01,Amazon Logistics,2.9,in_transit,False
TX-EAC1857377CC,ORD-D53C0D27,2026-09-09T13:15:39.354855+00:00,CUST-89269,Consumer,France,Platinum,SKU-HOM-133,Home & Office,Ergonomics,141.24,10,1412.4,0.0,1412.4,116.52,0.0,0.3198,WH-APAC-01,DHL Worldwide,5.9,delivered,True
TX-F962B601813B,ORD-02F05DD7,2026-09-07T20:34:39.354855+00:00,CUST-28266,Corporate,Japan,Silver,SKU-APP-691,Apparel,Footwear,122.04,1,122.04,40.0,73.22,6.04,28.05,0.2515,WH-EU-01,FedEx Express,6.5,delivered,True
TX-0E6756D69437,ORD-C797E0A9,2026-08-04T07:53:39.354855+00:00,CUST-18798,Small Business,USA,Silver,SKU-HOM-993,Home & Office,Ergonomics,31.92,1,31.92,0.0,31.92,2.63,19.75,0.2793,WH-EU-01,Amazon Logistics,2.7,delivered,False
TX-95B5313BE04F,ORD-632DEFED,2026-07-24T14:22:39.354855+00:00,CUST-86966,Enterprise,United Kingdom,Gold,SKU-IND-400,Industrial,Hydraulics,2595.08,1,2595.08,0.0,2595.08,214.09,0.0,0.2303,WH-EU-01,UPS Freight,4.0,delivered,False
TX-E46884389C08,ORD-D85591EA,2026-09-23T16:18:39.354855+00:00,CUST-12130,Enterprise,Australia,Gold,SKU-IND-804,Industrial,Motors,1087.76,1,1087.76,0.0,1087.76,89.74,0.0,0.2824,WH-EAST-01,DHL Worldwide,4.5,delivered,False
TX-D5E3F229BF0C,ORD-81FD3390,2026-08-02T01:41:39.354855+00:00,CUST-74492,Small Business,Japan,Gold,SKU-AUT-663,Automotive,Diagnostics,258.28,1,258.28,0.0,258.28,21.31,0.0,0.278,WH-APAC-01,FedEx Express,3.3,delivered,False
TX-A55C2F2E8BC2,ORD-CD944DCC,2026-08-02T22:29:39.354855+00:00,CUST-54374,Small Business,United Kingdom,Silver,SKU-AUT-868,Automotive,Lighting,464.34,1,464.34,0.0,464.34,38.31,0.0,0.4113,WH-EU-01,Amazon Logistics,3.5,in_transit,False
TX-6DB5CB9BF10A,ORD-302B0873,2026-07-23T14:18:39.354855+00:00,CUST-22332,Consumer,Germany,Gold,SKU-APP-675,Apparel,Sportswear,205.24,1,205.24,0.0,205.24,16.93,29.62,0.3114,WH-WEST-02,UPS Freight,3.1,delivered,False
TX-D5787C0EE8F3,ORD-036C77D3,2026-08-06T04:08:39.354855+00:00,CUST-86848,Small Business,Japan,Gold,SKU-AUT-902,Automotive,Brakes,251.81,1,251.81,5.0,239.22,19.74,33.33,0.3017,WH-WEST-02,FedEx Express,4.5,delivered,False
TX-3C668538744F,ORD-422A50CC,2026-08-13T13:20:39.354855+00:00,CUST-50570,Corporate,Singapore,Platinum,SKU-IND-112,Industrial,Motors,1276.1,1,1276.1,15.0,1084.68,89.49,0.0,0.3141,WH-EU-01,FedEx Express,3.9,in_transit,False
TX-5B6511ACA22C,ORD-C6CEC630,2026-09-05T17:31:39.354855+00:00,CUST-84609,Small Business,Australia,Bronze,SKU-IND-618,Industrial,Pneumatics,226.64,1,226.64,0.0,226.64,18.7,26.66,0.3366,WH-APAC-01,DHL Worldwide,5.7,in_transit,True
TX-715F138758E1,ORD-01EB3A83,2026-07-23T17:33:39.354855+00:00,CUST-76591,Corporate,Germany,Platinum,SKU-AUT-594,Automotive,Brakes,423.98,1,423.98,0.0,423.98,34.98,0.0,0.212,WH-EU-01,Amazon Logistics,2.1,in_transit,False
TX-240D5A0B02E3,ORD-09E8E7F0,2026-08-26T05:54:39.354855+00:00,CUST-76376,Consumer,Singapore,Silver,SKU-HOM-773,Home & Office,Ergonomics,95.34,1,95.34,0.0,95.34,7.87,31.71,0.3905,WH-EAST-01,Amazon Logistics,2.0,delivered,False
TX-B6EFB58288FC,ORD-4FD988FA,2026-09-16T20:13:39.354855+00:00,CUST-17874,Enterprise,Japan,Silver,SKU-APP-216,Apparel,Sportswear,273.21,2,546.42,0.0,546.42,45.08,0.0,0.1235,WH-WEST-02,FedEx Express,4.4,in_transit,True
TX-3D48E2E1A3F9,ORD-86F136BB,2026-08-28T12:37:39.354855+00:00,CUST-78666,Enterprise,United Kingdom,Platinum,SKU-HOM-321,Home & Office,Furniture,183.94,3,551.82,0.0,551.82,45.53,0.0,0.2341,WH-EU-01,DHL Worldwide,6.3,delivered,True
TX-5002E8A5FD44,ORD-7F5B7729,2026-09-22T02:19:39.354855+00:00,CUST-83819,Consumer,Canada,Gold,SKU-APP-435,Apparel,Footwear,133.44,1,133.44,0.0,133.44,11.01,26.31,0.3315,WH-APAC-01,FedEx Express,3.7,delivered,False
TX-C71A60C23AF0,ORD-2C1B50E7,2026-09-02T07:08:39.354855+00:00,CUST-29943,Enterprise,United Kingdom,Platinum,SKU-HOM-598,Home & Office,Storage,213.52,1,213.52,0.0,213.52,17.62,14.41,0.1309,WH-EAST-01,UPS Freight,5.5,delivered,False
TX-8F3AAFBE45E3,ORD-948A8D96,2026-09-20T14:07:39.354855+00:00,CUST-38455,Small Business,Singapore,Bronze,SKU-ELE-475,Electronics,Smartphones,399.69,2,799.38,0.0,799.38,65.95,0.0,0.2725,WH-WEST-02,UPS Freight,3.3,delivered,False
TX-3C4A311517D9,ORD-EC8288CA,2026-08-02T11:54:39.354855+00:00,CUST-61640,Enterprise,United Kingdom,Silver,SKU-IND-963,Industrial,Pneumatics,1155.11,5,5775.55,5.0,5486.77,452.66,0.0,0.4457,WH-CENTRAL-03,UPS Freight,6.0,delivered,True
TX-DDDA706C4EE9,ORD-2898FC0D,2026-08-09T18:26:39.354855+00:00,CUST-94803,Corporate,Singapore,Silver,SKU-APP-502,Apparel,Sportswear,304.57,2,609.14,25.0,456.86,37.69,0.0,0.1781,WH-APAC-01,FedEx Express,4.4,returned,False
TX-29CABC10B8F8,ORD-95AEF0A1,2026-09-01T01:51:39.354855+00:00,CUST-43252,Small Business,Singapore,Bronze,SKU-APP-716,Apparel,Workwear,118.35,1,118.35,10.0,106.52,8.79,26.93,0.46,WH-EAST-01,FedEx Express,3.2,cancelled,False
TX-203A28794B5F,ORD-D2DD943F,2026-07-16T02:09:39.354855+00:00,CUST-29959,Consumer,USA,Bronze,SKU-ELE-266,Electronics,Smartphones,1834.76,1,1834.76,0.0,1834.76,151.37,0.0,0.4117,WH-WEST-02,UPS Freight,4.5,in_transit,True
TX-A38A187536F6,ORD-25C95DB8,2026-07-21T13:28:39.354855+00:00,CUST-89661,Enterprise,Germany,Bronze,SKU-HOM-754,Home & Office,Lighting,151.03,1,151.03,15.0,128.38,10.59,20.58,0.2799,WH-WEST-02,Amazon Logistics,4.2,delivered,False
TX-4F8735CB7CCF,ORD-661C90C4,2026-07-19T22:29:39.354855+00:00,CUST-61226,Corporate,USA,Gold,SKU-ELE-347,Electronics,Laptops,1828.92,1,1828.92,15.0,1554.58,128.25,0.0,0.1754,WH-EAST-01,UPS Freight,2.9,delivered,False
TX-E7418FF468CB,ORD-2F2ED10F,2026-08-18T03:15:39.354855+00:00,CUST-71740,Consumer,Singapore,Bronze,SKU-AUT-239,Automotive,Batteries,203.55,1,203.55,5.0,193.37,15.95,20.28,0.4355,WH-EAST-01,FedEx Express,3.1,delivered,False
TX-7A072C16F29F,ORD-740D428B,2026-07-10T07:57:39.354855+00:00,CUST-52197,Enterprise,France,Gold,SKU-AUT-968,Automotive,Batteries,316.98,1,316.98,0.0,316.98,26.15,0.0,0.2073,WH-WEST-02,UPS Freight,5.0,delivered,False
TX-8D62F17EFC66,ORD-19D25097,2026-09-22T01:26:39.354855+00:00,CUST-22113,Corporate,Australia,Bronze,SKU-HOM-937,Home & Office,Lighting,46.2,1,46.2,5.0,43.89,3.62,34.91,0.1861,WH-WEST-02,Amazon Logistics,2.2,in_transit,False
TX-2BD6F28B1598,ORD-4E54B896,2026-09-08T10:08:39.354855+00:00,CUST-34625,Consumer,Germany,Silver,SKU-AUT-621,Automotive,Batteries,80.47,1,80.47,10.0,72.42,5.97,23.94,0.4524,WH-CENTRAL-03,DHL Worldwide,1.5,delivered,False
TX-C04243C652A2,ORD-D3E25B32,2026-09-17T03:25:39.354855+00:00,CUST-48262,Consumer,USA,Bronze,SKU-HOM-525,Home & Office,Furniture,307.28,3,921.84,0.0,921.84,76.05,0.0,0.1231,WH-WEST-02,Amazon Logistics,3.8,delivered,False
TX-43324219CA68,ORD-945D5C06,2026-09-20T16:38:39.354855+00:00,CUST-76346,Corporate,Singapore,Gold,SKU-HOM-406,Home & Office,Ergonomics,124.38,3,373.14,5.0,354.48,29.24,0.0,0.2772,WH-EAST-01,UPS Freight,2.7,cancelled,False
TX-66DEEF68B7EB,ORD-1C0B5068,2026-07-15T21:58:39.354855+00:00,CUST-29469,Small Business,Germany,Silver,SKU-IND-544,Industrial,Sensors,1625.04,1,1625.04,0.0,1625.04,134.07,0.0,0.331,WH-EAST-01,DHL Worldwide,2.0,delivered,False
TX-0799D9F29F96,ORD-A2A6E5E0,2026-09-02T14:44:39.354855+00:00,CUST-83365,Small Business,Germany,Platinum,SKU-AUT-525,Automotive,Diagnostics,640.1,1,640.1,10.0,576.09,47.53,0.0,0.1836,WH-CENTRAL-03,DHL Worldwide,2.8,delivered,False
TX-FF84DAA839CD,ORD-32D6714E,2026-09-09T01:00:39.354855+00:00,CUST-80805,Corporate,France,Bronze,SKU-HOM-446,Home & Office,Storage,257.02,1,257.02,10.0,231.32,19.08,20.8,0.3825,WH-APAC-01,Amazon Logistics,2.1,cancelled,False
TX-579C6E9CCA08,ORD-4606A100,2026-09-03T14:57:39.354855+00:00,CUST-38990,Consumer,United Kingdom,Gold,SKU-ELE-656,Electronics,Displays,640.58,1,640.58,5.0,608.55,50.21,0.0,0.1682,WH-EU-01,FedEx Express,4.3,cancelled,False
TX-72A810C82972,ORD-58E902B5,2026-08-01T23:09:39.354855+00:00,CUST-8471,Small Business,Singapore,Bronze,SKU-IND-568,Industrial,Sensors,859.18,5,4295.9,0.0,4295.9,354.41,0.0,0.3424,WH-WEST-02,FedEx Express,1.9,cancelled,False
TX-CE062A07AD57,ORD-159D8F7E,2026-07-30T21:26:39.354855+00:00,CUST-65384,Consumer,France,Silver,SKU-APP-738,Apparel,Sportswear,315.15,1,315.15,15.0,267.88,22.1,0.0,0.1894,WH-CENTRAL-03,FedEx Express,4.6,delivered,False
TX-E9897D85C99B,ORD-FFE1043A,2026-08-03T08:25:39.354855+00:00,CUST-89394,Enterprise,Australia,Gold,SKU-AUT-336,Automotive,Brakes,241.65,1,241.65,0.0,241.65,19.94,15.62,0.2883,WH-EU-01,DHL Worldwide,3.7,delivered,False
TX-1B9BB2489813,ORD-10A157BA,2026-08-18T02:00:39.354855+00:00,CUST-73872,Small Business,USA,Gold,SKU-AUT-753,Automotive,Lighting,396.65,1,396.65,5.0,376.82,31.09,0.0,0.1355,WH-EAST-01,DHL Worldwide,3.8,in_transit,False
TX-C41D6E52113E,ORD-2F186AEF,2026-09-25T08:54:39.354855+00:00,CUST-55135,Consumer,United Kingdom,Gold,SKU-AUT-225,Automotive,Lighting,176.57,1,176.57,0.0,176.57,14.57,15.32,0.3474,WH-EAST-01,DHL Worldwide,1.1,delivered,False
TX-069845A25F29,ORD-2C895C62,2026-09-29T18:10:39.354855+00:00,CUST-13420,Corporate,Singapore,Gold,SKU-ELE-246,Electronics,Audio,1405.55,1,1405.55,0.0,1405.55,115.96,0.0,0.1387,WH-WEST-02,FedEx Express,2.0,pending,False
TX-76515FF69779,ORD-B3CBF97A,2026-08-01T08:53:39.354855+00:00,CUST-79170,Consumer,Canada,Gold,SKU-IND-141,Industrial,Fasteners,2631.29,3,7893.87,0.0,7893.87,651.24,0.0,0.1298,WH-APAC-01,Amazon Logistics,4.8,delivered,False
TX-9876D23787A5,ORD-C80ED53D,2026-07-23T07:03:39.354855+00:00,CUST-74458,Consumer,Canada,Bronze,SKU-ELE-969,Electronics,Smartphones,955.64,2,1911.28,5.0,1815.72,149.8,0.0,0.4793,WH-EU-01,Amazon Logistics,5.7,delivered,True
TX-F356925A8F49,ORD-D1C006E8,2026-07-18T16:58:39.354855+00:00,CUST-67613,Small Business,Canada,Bronze,SKU-ELE-302,Electronics,Displays,1467.69,1,1467.69,15.0,1247.54,102.92,0.0,0.4304,WH-WEST-02,DHL Worldwide,1.8,delivered,False
TX-0FEB05D7B210,ORD-25ACFFFC,2026-08-20T09:24:39.354855+00:00,CUST-9773,Consumer,Singapore,Silver,SKU-APP-626,Apparel,Workwear,169.75,1,169.75,40.0,101.85,8.4,10.16,0.2388,WH-APAC-01,DHL Worldwide,5.8,delivered,True
TX-B37DC7F5B9BF,ORD-465343A5,2026-08-30T13:12:39.354855+00:00,CUST-38492,Enterprise,Germany,Platinum,SKU-ELE-358,Electronics,Displays,1761.32,1,1761.32,0.0,1761.32,145.31,0.0,0.2877,WH-APAC-01,DHL Worldwide,2.7,cancelled,False
TX-A6332849FB76,ORD-C12448FE,2026-09-15T09:31:39.354855+00:00,CUST-61107,Small Business,USA,Silver,SKU-ELE-274,Electronics,Smartphones,1190.3,1,1190.3,15.0,1011.75,83.47,0.0,0.2884,WH-EAST-01,DHL Worldwide,6.6,delivered,True
TX-51F09C2A95E5,ORD-FE412173,2026-09-06T02:36:39.354855+00:00,CUST-23451,Consumer,France,Platinum,SKU-ELE-734,Electronics,Laptops,887.92,1,887.92,25.0,665.94,54.94,0.0,0.3071,WH-APAC-01,DHL Worldwide,4.0,in_transit,False
TX-CC61FC973EF4,ORD-EA0FD533,2026-07-31T17:34:39.354855+00:00,CUST-54906,Consumer,USA,Bronze,SKU-IND-497,Industrial,Fasteners,1545.62,1,1545.62,0.0,1545.62,127.51,0.0,0.2053,WH-APAC-01,Amazon Logistics,4.2,delivered,False
TX-7F93302B9EA6,ORD-ECABADFD,2026-09-16T23:35:39.354855+00:00,CUST-37686,Corporate,USA,Platinum,SKU-HOM-743,Home & Office,Furniture,57.9,2,115.8,0.0,115.8,9.55,25.6,0.383,WH-EU-01,Amazon Logistics,4.3,delivered,False
TX-54ACDAEF65BC,ORD-06A23A63,2026-07-27T06:13:39.354855+00:00,CUST-71112,Consumer,USA,Platinum,SKU-IND-357,Industrial,Hydraulics,401.11,1,401.11,0.0,401.11,33.09,0.0,0.4055,WH-CENTRAL-03,FedEx Express,6.0,pending,True
TX-969A6DB93BD0,ORD-B1AB374E,2026-08-11T23:25:39.354855+00:00,CUST-83962,Corporate,USA,Platinum,SKU-APP-608,Apparel,Outerwear,259.14,10,2591.4,0.0,2591.4,213.79,0.0,0.2407,WH-EU-01,UPS Freight,2.2,delivered,False
TX-4DFFC414398A,ORD-65B0FF91,2026-07-27T05:03:39.354855+00:00,CUST-11948,Consumer,Canada,Bronze,SKU-IND-531,Industrial,Sensors,1760.03,2,3520.06,15.0,2992.05,246.84,0.0,0.3818,WH-EU-01,FedEx Express,3.7,delivered,False
TX-D3432016CF8B,ORD-0AAF50F9,2026-09-16T03:11:39.354855+00:00,CUST-33511,Corporate,Australia,Gold,SKU-ELE-868,Electronics,Audio,892.76,1,892.76,5.0,848.12,69.97,0.0,0.2557,WH-EAST-01,Amazon Logistics,2.0,delivered,False
TX-91C76FFA8DB7,ORD-65036F2D,2026-08-06T19:01:39.354855+00:00,CUST-92421,Consumer,Japan,Platinum,SKU-AUT-935,Automotive,Batteries,346.8,1,346.8,0.0,346.8,28.61,0.0,0.3333,WH-APAC-01,UPS Freight,2.0,delivered,False
TX-557F316FD629,ORD-3E73E26D,2026-09-25T23:57:39.354855+00:00,CUST-42838,Small Business,Australia,Platinum,SKU-ELE-741,Electronics,Displays,1399.28,2,2798.56,15.0,2378.78,196.25,0.0,0.2621,WH-WEST-02,DHL Worldwide,4.8,delivered,False
TX-7F05C4BC46F9,ORD-B88E97FC,2026-08-21T23:10:39.354855+00:00,CUST-38424,Small Business,France,Gold,SKU-IND-840,Industrial,Fasteners,2949.45,1,2949.45,0.0,2949.45,243.33,0.0,0.3818,WH-EAST-01,Amazon Logistics,3.3,delivered,False
TX-C12FF0E27616,ORD-F2383A73,2026-09-27T03:34:39.354855+00:00,CUST-2058,Consumer,USA,Gold,SKU-ELE-892,Electronics,Laptops,1195.39,3,3586.17,0.0,3586.17,295.86,0.0,0.4506,WH-WEST-02,FedEx Express,8.6,delivered,True
TX-D534F5C1E590,ORD-2B8222FA,2026-08-01T20:46:39.354855+00:00,CUST-20768,Small Business,USA,Bronze,SKU-HOM-287,Home & Office,Ergonomics,67.62,1,67.62,0.0,67.62,5.58,19.38,0.2372,WH-EU-01,FedEx Express,4.0,delivered,False
TX-345B2F8E5834,ORD-D0F3A326,2026-09-18T16:12:39.354855+00:00,CUST-12553,Corporate,France,Platinum,SKU-APP-137,Apparel,Footwear,18.7,1,18.7,0.0,18.7,1.54,12.37,0.2583,WH-EU-01,DHL Worldwide,6.3,delivered,True
TX-85C4C91B862E,ORD-B06BA0FB,2026-09-08T23:07:39.354855+00:00,CUST-91213,Consumer,United Kingdom,Platinum,SKU-HOM-256,Home & Office,Lighting,258.19,1,258.19,5.0,245.28,20.24,23.15,0.2882,WH-EU-01,UPS Freight,2.0,delivered,False
TX-7A6BD46F9275,ORD-C3865D99,2026-09-23T15:07:39.354855+00:00,CUST-81705,Small Business,Canada,Bronze,SKU-ELE-507,Electronics,Laptops,171.73,1,171.73,0.0,171.73,14.17,19.99,0.3807,WH-WEST-02,UPS Freight,5.0,delivered,False
TX-6AB798499D63,ORD-AFA0201E,2026-09-06T12:14:39.354855+00:00,CUST-98913,Corporate,United Kingdom,Bronze,SKU-HOM-508,Home & Office,Storage,172.27,1,172.27,5.0,163.66,13.5,15.61,0.2558,WH-EU-01,Amazon Logistics,4.4,delivered,False
TX-ABF6685B444C,ORD-6B1CCDCE,2026-08-03T07:15:39.354855+00:00,CUST-27018,Corporate,Singapore,Silver,SKU-APP-429,Apparel,Sportswear,111.56,2,223.12,5.0,211.96,17.49,17.28,0.2335,WH-WEST-02,DHL Worldwide,1.5,delivered,False
TX-E5B9E525EC10,ORD-1A352E56,2026-09-03T16:06:39.354855+00:00,CUST-10679,Small Business,United Kingdom,Platinum,SKU-AUT-323,Automotive,Diagnostics,417.06,2,834.12,0.0,834.12,68.81,0.0,0.2981,WH-APAC-01,UPS Freight,3.7,delivered,False
TX-6BB360DD21D0,ORD-FC40550B,2026-09-07T05:40:39.354855+00:00,CUST-33339,Consumer,Germany,Bronze,SKU-AUT-237,Automotive,Lighting,566.41,5,2832.05,10.0,2548.85,210.28,0.0,0.3654,WH-APAC-01,UPS Freight,6.4,delivered,True
TX-65778D4ABF63,ORD-7DD34299,2026-07-04T19:39:39.354855+00:00,CUST-26666,Corporate,Singapore,Silver,SKU-AUT-715,Automotive,Brakes,163.73,1,163.73,5.0,155.54,12.83,8.79,0.3937,WH-WEST-02,DHL Worldwide,1.4,delivered,False
TX-30D98C831F98,ORD-B512F5E0,2026-07-16T18:48:39.354855+00:00,CUST-24592,Enterprise,USA,Silver,SKU-ELE-769,Electronics,Displays,820.23,1,820.23,5.0,779.22,64.29,0.0,0.1391,WH-APAC-01,UPS Freight,3.0,delivered,False
TX-993A5EA573D8,ORD-1252BA83,2026-07-09T01:08:39.354855+00:00,CUST-38304,Enterprise,USA,Silver,SKU-ELE-836,Electronics,Accessories,1261.48,1,1261.48,10.0,1135.33,93.66,0.0,0.1746,WH-EU-01,DHL Worldwide,3.5,delivered,False
TX-7C3D0C2D3830,ORD-1154B6AD,2026-07-13T01:35:39.354855+00:00,CUST-10317,Consumer,Germany,Gold,SKU-APP-499,Apparel,Outerwear,200.08,3,600.24,25.0,450.18,37.14,0.0,0.3447,WH-WEST-02,FedEx Express,3.8,delivered,False
TX-227A206408E3,ORD-49DC0E0E,2026-09-10T03:19:39.354855+00:00,CUST-25051,Consumer,USA,Silver,SKU-ELE-342,Electronics,Laptops,1458.79,2,2917.58,10.0,2625.82,216.63,0.0,0.1792,WH-EU-01,Amazon Logistics,3.0,delivered,False
TX-51AE0DBCA8BB,ORD-AC3D9A6A,2026-09-30T22:39:39.354855+00:00,CUST-67583,Consumer,Australia,Silver,SKU-HOM-284,Home & Office,Lighting,212.42,1,212.42,15.0,180.56,14.9,8.77,0.1224,WH-EAST-01,DHL Worldwide,0.8,in_transit,False
TX-0695DE3DE227,ORD-49C9358F,2026-09-20T04:49:39.354855+00:00,CUST-55661,Corporate,Singapore,Silver,SKU-HOM-918,Home & Office,Lighting,233.01,1,233.01,5.0,221.36,18.26,21.92,0.189,WH-CENTRAL-03,DHL Worldwide,3.3,delivered,False
TX-CDD7CDA59946,ORD-66146C12,2026-07-23T04:30:39.354855+00:00,CUST-15054,Enterprise,Canada,Silver,SKU-AUT-323,Automotive,Lighting,85.57,3,256.71,0.0,256.71,21.18,0.0,0.1963,WH-APAC-01,UPS Freight,0.8,delivered,False
TX-6B86EE73228B,ORD-75006BD8,2026-07-25T00:36:39.354855+00:00,CUST-20474,Corporate,Japan,Gold,SKU-HOM-559,Home & Office,Ergonomics,28.93,1,28.93,0.0,28.93,2.39,23.31,0.3814,WH-APAC-01,Amazon Logistics,4.4,delivered,False
TX-9712DC1A5731,ORD-A3889F2F,2026-07-03T05:53:39.354855+00:00,CUST-36608,Consumer,Germany,Platinum,SKU-IND-210,Industrial,Fasteners,150.34,2,300.68,0.0,300.68,24.81,0.0,0.1596,WH-WEST-02,FedEx Express,0.8,in_transit,False
TX-A56C0D5B798D,ORD-0E7A4050,2026-09-30T07:09:39.354855+00:00,CUST-35970,Consumer,USA,Bronze,SKU-AUT-654,Automotive,Batteries,125.58,1,125.58,10.0,113.02,9.32,25.75,0.2202,WH-EAST-01,FedEx Express,7.0,delivered,True
TX-E1ADB339B41D,ORD-E081B977,2026-08-27T08:13:39.354855+00:00,CUST-40245,Corporate,Germany,Silver,SKU-ELE-378,Electronics,Accessories,1779.63,10,17796.3,0.0,17796.3,1468.19,0.0,0.2974,WH-EAST-01,Amazon Logistics,6.1,delivered,True
TX-5E6A6BB72EA4,ORD-C87CFE19,2026-08-12T19:26:39.354855+00:00,CUST-99487,Small Business,Germany,Bronze,SKU-APP-724,Apparel,Workwear,333.53,1,333.53,40.0,200.12,16.51,28.46,0.1722,WH-APAC-01,UPS Freight,0.8,delivered,False
TX-31B7432EC23C,ORD-3AC00E33,2026-08-27T11:01:39.354855+00:00,CUST-83617,Consumer,France,Silver,SKU-IND-733,Industrial,Motors,963.66,2,1927.32,15.0,1638.22,135.15,0.0,0.3024,WH-CENTRAL-03,Amazon Logistics,3.5,delivered,False
TX-7D2208F9230E,ORD-BD8E52EF,2026-08-28T08:41:39.354855+00:00,CUST-40254,Corporate,France,Gold,SKU-ELE-996,Electronics,Laptops,1703.95,1,1703.95,25.0,1277.96,105.43,0.0,0.2181,WH-APAC-01,DHL Worldwide,4.6,delivered,False
TX-741B7E423194,ORD-5A61FC8F,2026-08-02T05:42:39.354855+00:00,CUST-9654,Consumer,France,Platinum,SKU-HOM-852,Home & Office,Ergonomics,227.1,1,227.1,10.0,204.39,16.86,31.68,0.1759,WH-EU-01,UPS Freight,4.3,delivered,False
TX-0D0F54C6F74A,ORD-C01AE61E,2026-07-13T11:01:39.354855+00:00,CUST-35136,Small Business,Canada,Bronze,SKU-IND-394,Industrial,Hydraulics,1838.02,1,1838.02,0.0,1838.02,151.64,0.0,0.1888,WH-WEST-02,DHL Worldwide,1.8,cancelled,False
TX-71A1B937FC87,ORD-DC5BF892,2026-08-03T15:50:39.354855+00:00,CUST-37321,Consumer,Germany,Silver,SKU-IND-161,Industrial,Sensors,1912.05,1,1912.05,10.0,1720.85,141.97,0.0,0.2429,WH-EU-01,Amazon Logistics,2.0,delivered,False
TX-DB325BAE2143,ORD-657412FE,2026-08-07T16:42:39.354855+00:00,CUST-7610,Consumer,Australia,Bronze,SKU-IND-243,Industrial,Hydraulics,2633.08,1,2633.08,5.0,2501.43,206.37,0.0,0.281,WH-CENTRAL-03,FedEx Express,8.6,delivered,True
TX-E45FC36C7C44,ORD-CF0C35B8,2026-08-25T03:57:39.354855+00:00,CUST-18352,Corporate,USA,Platinum,SKU-AUT-377,Automotive,Brakes,96.67,5,483.35,10.0,435.02,35.89,0.0,0.199,WH-EU-01,Amazon Logistics,4.6,delivered,False
TX-618E741CAC02,ORD-17DD73D8,2026-07-16T00:33:39.354855+00:00,CUST-94553,Consumer,Japan,Silver,SKU-IND-832,Industrial,Fasteners,449.5,1,449.5,5.0,427.02,35.23,0.0,0.1791,WH-EU-01,DHL Worldwide,1.5,in_transit,False
TX-9EBA2429B0C5,ORD-101D5C92,2026-07-08T12:58:39.354855+00:00,CUST-34974,Corporate,Australia,Platinum,SKU-AUT-664,Automotive,Diagnostics,206.09,2,412.18,15.0,350.35,28.9,0.0,0.1925,WH-EU-01,FedEx Express,0.8,delivered,False
TX-E1B996D1F469,ORD-F9EE68CD,2026-07-04T08:19:39.354855+00:00,CUST-49919,Enterprise,France,Gold,SKU-APP-527,Apparel,Sportswear,48.66,5,243.3,15.0,206.81,17.06,12.01,0.28,WH-EAST-01,UPS Freight,3.4,delivered,False
TX-443902E8AB0D,ORD-6030F516,2026-08-16T12:12:39.354855+00:00,CUST-81061,Consumer,Australia,Bronze,SKU-IND-139,Industrial,Sensors,2904.04,1,2904.04,0.0,2904.04,239.58,0.0,0.4252,WH-EAST-01,FedEx Express,6.4,returned,True
TX-7C44312C382C,ORD-391432D7,2026-08-01T22:17:39.354855+00:00,CUST-95549,Enterprise,France,Platinum,SKU-AUT-828,Automotive,Brakes,80.55,1,80.55,0.0,80.55,6.65,20.35,0.4438,WH-CENTRAL-03,UPS Freight,3.9,returned,False
TX-94F39560DC1C,ORD-D043463E,2026-08-05T08:48:39.354855+00:00,CUST-44631,Consumer,Canada,Silver,SKU-ELE-872,Electronics,Audio,1662.49,3,4987.47,0.0,4987.47,411.47,0.0,0.4278,WH-EAST-01,DHL Worldwide,2.8,in_transit,False
TX-D6404D8BE45E,ORD-328A2496,2026-08-03T20:40:39.354855+00:00,CUST-52897,Corporate,USA,Platinum,SKU-ELE-747,Electronics,Accessories,1000.75,1,1000.75,15.0,850.64,70.18,0.0,0.3476,WH-WEST-02,FedEx Express,4.0,delivered,False
TX-CEFA724BDCB6,ORD-88225635,2026-09-25T18:44:39.354855+00:00,CUST-89103,Small Business,Germany,Gold,SKU-IND-263,Industrial,Hydraulics,2157.2,5,10786.0,0.0,10786.0,889.85,0.0,0.4292,WH-WEST-02,Amazon Logistics,3.3,delivered,False
TX-2708F9BACC22,ORD-D6A0936A,2026-09-22T11:43:39.354855+00:00,CUST-22559,Enterprise,Germany,Platinum,SKU-HOM-277,Home & Office,Ergonomics,160.94,2,321.88,0.0,321.88,26.56,0.0,0.447,WH-EU-01,DHL Worldwide,3.0,delivered,False
TX-FF5B396264DA,ORD-395889BA,2026-07-19T14:03:39.354855+00:00,CUST-39990,Consumer,United Kingdom,Silver,SKU-AUT-187,Automotive,Diagnostics,698.57,1,698.57,40.0,419.14,34.58,0.0,0.293,WH-EU-01,Amazon Logistics,3.0,in_transit,False
TX-014924811102,ORD-63104B12,2026-08-30T22:58:39.354855+00:00,CUST-84885,Corporate,Australia,Silver,SKU-APP-903,Apparel,Sportswear,50.57,1,50.57,15.0,42.98,3.55,15.34,0.1438,WH-CENTRAL-03,Amazon Logistics,0.8,delivered,False
TX-7F11B16E61AC,ORD-687DAE2B,2026-09-20T04:00:39.354855+00:00,CUST-4758,Small Business,Canada,Bronze,SKU-ELE-124,Electronics,Laptops,268.92,2,537.84,25.0,403.38,33.28,0.0,0.1654,WH-APAC-01,Amazon Logistics,1.0,in_transit,False
TX-4C9C15176831,ORD-6AF3CD7B,2026-07-20T10:02:39.354855+00:00,CUST-71065,Consumer,Japan,Silver,SKU-ELE-272,Electronics,Accessories,1680.53,1,1680.53,10.0,1512.48,124.78,0.0,0.2449,WH-EU-01,UPS Freight,6.0,pending,True
TX-664FE0B350A5,ORD-74600D57,2026-08-08T02:03:39.354855+00:00,CUST-32785,Enterprise,Australia,Platinum,SKU-APP-601,Apparel,Sportswear,157.47,1,157.47,10.0,141.72,11.69,30.17,0.3767,WH-APAC-01,Amazon Logistics,3.0,delivered,False
TX-236E7307E56C,ORD-1651ABAF,2026-07-31T00:01:39.354855+00:00,CUST-23223,Consumer,France,Platinum,SKU-AUT-372,Automotive,Diagnostics,220.32,2,440.64,15.0,374.54,30.9,0.0,0.3112,WH-WEST-02,UPS Freight,4.5,delivered,False
TX-8A3B1CA1659E,ORD-E6B45E46,2026-07-07T01:36:39.354855+00:00,CUST-70622,Small Business,USA,Silver,SKU-ELE-774,Electronics,Audio,1579.73,1,1579.73,0.0,1579.73,130.33,0.0,0.3313,WH-EAST-01,DHL Worldwide,0.8,delivered,False
TX-363E33BA131C,ORD-26ECBE7B,2026-08-20T16:41:39.354855+00:00,CUST-7589,Consumer,Japan,Gold,SKU-APP-794,Apparel,Outerwear,280.16,1,280.16,0.0,280.16,23.11,0.0,0.1267,WH-APAC-01,FedEx Express,5.0,delivered,False
TX-B8C8B2CE611F,ORD-FC71083F,2026-09-06T02:23:39.354855+00:00,CUST-61941,Consumer,United Kingdom,Gold,SKU-IND-942,Industrial,Hydraulics,3070.9,2,6141.8,0.0,6141.8,506.7,0.0,0.2145,WH-WEST-02,Amazon Logistics,4.3,delivered,False
TX-168DE700C3CA,ORD-F50D0FE8,2026-09-30T15:13:39.354855+00:00,CUST-32956,Small Business,France,Bronze,SKU-APP-122,Apparel,Outerwear,120.21,1,120.21,5.0,114.2,9.42,34.78,0.3787,WH-EAST-01,DHL Worldwide,2.1,delivered,False
TX-4758A8A5E846,ORD-1FA7F3DD,2026-08-09T09:25:39.354855+00:00,CUST-83924,Consumer,France,Silver,SKU-IND-649,Industrial,Hydraulics,372.12,1,372.12,0.0,372.12,30.7,0.0,0.1359,WH-CENTRAL-03,UPS Freight,3.2,delivered,False
TX-D63F5FDEFBB1,ORD-C1C70CEF,2026-09-05T01:02:39.354855+00:00,CUST-93627,Small Business,United Kingdom,Silver,SKU-HOM-916,Home & Office,Lighting,110.58,1,110.58,15.0,93.99,7.75,14.92,0.1281,WH-WEST-02,UPS Freight,2.9,in_transit,False
TX-83EA1E37263F,ORD-28A8E401,2026-07-17T11:26:39.354855+00:00,CUST-18857,Small Business,USA,Gold,SKU-IND-457,Industrial,Sensors,1307.42,1,1307.42,10.0,1176.68,97.08,0.0,0.4544,WH-CENTRAL-03,FedEx Express,2.8,delivered,False
TX-B8D633E72961,ORD-EA7DF675,2026-09-07T10:52:39.354855+00:00,CUST-75373,Consumer,Japan,Platinum,SKU-AUT-858,Automotive,Brakes,275.66,2,551.32,40.0,330.79,27.29,0.0,0.3764,WH-WEST-02,FedEx Express,4.6,delivered,False
TX-474C291FF463,ORD-6D57E751,2026-09-10T12:48:39.354855+00:00,CUST-94542,Small Business,France,Bronze,SKU-ELE-656,Electronics,Displays,1834.56,1,1834.56,0.0,1834.56,151.35,0.0,0.2365,WH-EAST-01,Amazon Logistics,4.2,in_transit,True
TX-A1D4F0865201,ORD-74B85B6A,2026-07-22T23:59:39.354855+00:00,CUST-81764,Enterprise,Germany,Silver,SKU-HOM-688,Home & Office,Ergonomics,91.66,3,274.98,5.0,261.23,21.55,0.0,0.2053,WH-APAC-01,DHL Worldwide,8.1,delivered,True
TX-256DDB0519F1,ORD-3505BC69,2026-08-13T11:12:39.354855+00:00,CUST-12498,Consumer,Singapore,Platinum,SKU-ELE-136,Electronics,Accessories,1674.82,1,1674.82,0.0,1674.82,138.17,0.0,0.3719,WH-CENTRAL-03,Amazon Logistics,2.6,delivered,False
TX-F0BB4A51AF7F,ORD-1531362F,2026-08-07T08:00:39.354855+00:00,CUST-44039,Small Business,Singapore,Platinum,SKU-IND-537,Industrial,Sensors,1555.71,1,1555.71,0.0,1555.71,128.35,0.0,0.2958,WH-WEST-02,UPS Freight,1.0,delivered,False
TX-E0B869F0777B,ORD-B89EA191,2026-08-22T14:59:39.354855+00:00,CUST-71805,Corporate,United Kingdom,Bronze,SKU-APP-276,Apparel,Sportswear,208.06,1,208.06,10.0,187.25,15.45,27.37,0.3255,WH-CENTRAL-03,DHL Worldwide,4.4,in_transit,True
TX-93B1DCA7DE65,ORD-90F9C7A5,2026-07-10T12:35:39.354855+00:00,CUST-98540,Enterprise,Australia,Silver,SKU-AUT-459,Automotive,Brakes,777.45,1,777.45,5.0,738.58,60.93,0.0,0.2999,WH-WEST-02,DHL Worldwide,0.5,delivered,False
TX-16A928FF341B,ORD-DFA369AD,2026-07-11T07:21:39.354855+00:00,CUST-46601,Consumer,France,Silver,SKU-HOM-880,Home & Office,Ergonomics,266.99,1,266.99,5.0,253.64,20.93,0.0,0.2284,WH-EU-01,Amazon Logistics,3.5,delivered,False
TX-8DD748417C75,ORD-391CF042,2026-08-12T02:03:39.354855+00:00,CUST-10473,Corporate,France,Bronze,SKU-APP-638,Apparel,Workwear,288.98,1,288.98,10.0,260.08,21.46,0.0,0.2814,WH-WEST-02,UPS Freight,2.1,delivered,False
TX-54FE8CF6F026,ORD-739CBA4D,2026-09-30T16:31:39.354855+00:00,CUST-65895,Enterprise,France,Silver,SKU-IND-721,Industrial,Hydraulics,1035.48,1,1035.48,15.0,880.16,72.61,0.0,0.4366,WH-APAC-01,DHL Worldwide,3.7,delivered,False
TX-4702FB745FDF,ORD-152273FD,2026-09-20T15:20:39.354855+00:00,CUST-33248,Enterprise,Japan,Silver,SKU-APP-673,Apparel,Footwear,202.32,1,202.32,0.0,202.32,16.69,30.62,0.4039,WH-EAST-01,FedEx Express,1.0,in_transit,False
TX-9A8E09685B69,ORD-116F5B25,2026-09-13T16:57:39.354855+00:00,CUST-61555,Enterprise,Australia,Bronze,SKU-ELE-539,Electronics,Laptops,392.74,1,392.74,5.0,373.1,30.78,0.0,0.433,WH-CENTRAL-03,UPS Freight,4.3,delivered,False
TX-F0DF69AEFE9C,ORD-C4FBFBD5,2026-09-24T04:37:39.354855+00:00,CUST-58742,Enterprise,United Kingdom,Silver,SKU-IND-403,Industrial,Hydraulics,1355.96,1,1355.96,40.0,813.58,67.12,0.0,0.3763,WH-CENTRAL-03,UPS Freight,0.8,delivered,False
TX-649F3647FC0E,ORD-FB746908,2026-08-31T20:53:39.354855+00:00,CUST-55862,Enterprise,Singapore,Bronze,SKU-AUT-192,Automotive,Batteries,225.45,1,225.45,0.0,225.45,18.6,28.69,0.1591,WH-CENTRAL-03,UPS Freight,1.8,delivered,False
TX-842F0BE75222,ORD-D3F8B52F,2026-08-14T19:21:39.354855+00:00,CUST-56330,Consumer,Australia,Gold,SKU-APP-387,Apparel,Sportswear,127.94,3,383.82,10.0,345.44,28.5,0.0,0.4474,WH-CENTRAL-03,DHL Worldwide,2.2,in_transit,False
TX-FDBC21C00775,ORD-9BEB687C,2026-08-26T01:56:39.354855+00:00,CUST-21110,Corporate,Japan,Gold,SKU-ELE-335,Electronics,Laptops,1139.36,2,2278.72,0.0,2278.72,187.99,0.0,0.3227,WH-CENTRAL-03,DHL Worldwide,5.3,delivered,False
TX-B39739B7C8B2,ORD-DCA8DF5B,2026-09-06T12:24:39.354855+00:00,CUST-15593,Corporate,Canada,Gold,SKU-HOM-600,Home & Office,Ergonomics,240.52,3,721.56,5.0,685.48,56.55,0.0,0.2503,WH-EAST-01,Amazon Logistics,1.6,delivered,False
TX-287CC3018501,ORD-7475A8E4,2026-09-25T19:38:39.354855+00:00,CUST-87415,Small Business,Australia,Platinum,SKU-IND-705,Industrial,Motors,2883.92,1,2883.92,0.0,2883.92,237.92,0.0,0.3563,WH-WEST-02,DHL Worldwide,7.8,delivered,True
TX-827349AABFDA,ORD-158AE62F,2026-09-24T07:22:39.354855+00:00,CUST-40761,Enterprise,France,Gold,SKU-APP-553,Apparel,Workwear,78.44,2,156.88,0.0,156.88,12.94,8.9,0.1947,WH-WEST-02,DHL Worldwide,3.4,delivered,False
TX-1C8EC422FEBE,ORD-8379F730,2026-08-09T12:37:39.354855+00:00,CUST-56572,Consumer,USA,Bronze,SKU-APP-814,Apparel,Workwear,58.51,1,58.51,5.0,55.58,4.59,33.8,0.1855,WH-EU-01,Amazon Logistics,3.4,in_transit,False
TX-3101A9AEAAB9,ORD-A099A3B9,2026-07-03T23:29:39.354855+00:00,CUST-9784,Consumer,USA,Gold,SKU-IND-665,Industrial,Hydraulics,1591.77,3,4775.31,0.0,4775.31,393.96,0.0,0.175,WH-EAST-01,Amazon Logistics,5.0,delivered,False
TX-8B6F8DE7D71D,ORD-A1F4607F,2026-07-07T02:53:39.354855+00:00,CUST-64658,Consumer,Australia,Silver,SKU-AUT-179,Automotive,Batteries,262.47,1,262.47,25.0,196.85,16.24,11.1,0.3371,WH-APAC-01,UPS Freight,3.6,in_transit,False
TX-534690DF9659,ORD-2855C33C,2026-08-25T23:04:39.354855+00:00,CUST-91850,Enterprise,Japan,Bronze,SKU-AUT-117,Automotive,Lighting,824.41,1,824.41,5.0,783.19,64.61,0.0,0.2926,WH-EAST-01,FedEx Express,4.2,delivered,False
TX-85D978306A58,ORD-B7890C9E,2026-07-17T06:03:39.354855+00:00,CUST-97021,Enterprise,France,Gold,SKU-APP-858,Apparel,Outerwear,294.23,2,588.46,0.0,588.46,48.55,0.0,0.2341,WH-EAST-01,FedEx Express,3.7,delivered,False
TX-CCF97BE722CE,ORD-C8865926,2026-07-07T18:02:39.354855+00:00,CUST-68606,Enterprise,Australia,Platinum,SKU-APP-814,Apparel,Footwear,303.42,10,3034.2,0.0,3034.2,250.32,0.0,0.3338,WH-WEST-02,DHL Worldwide,5.1,delivered,False
TX-CABE2402EB13,ORD-D050BC22,2026-09-25T05:05:39.354855+00:00,CUST-76453,Enterprise,USA,Gold,SKU-IND-557,Industrial,Motors,326.22,2,652.44,25.0,489.33,40.37,0.0,0.2193,WH-APAC-01,FedEx Express,1.1,pending,False
TX-0DD190EE46EE,ORD-D1FC0ADF,2026-08-23T18:07:39.354855+00:00,CUST-42036,Enterprise,Singapore,Silver,SKU-IND-366,Industrial,Motors,1764.95,2,3529.9,0.0,3529.9,291.22,0.0,0.2991,WH-WEST-02,DHL Worldwide,1.0,pending,False
TX-D030FABEFD99,ORD-FEC7EF12,2026-08-22T20:16:39.354855+00:00,CUST-97578,Enterprise,Japan,Silver,SKU-IND-168,Industrial,Sensors,2113.23,1,2113.23,10.0,1901.91,156.91,0.0,0.3334,WH-APAC-01,FedEx Express,6.1,delivered,True
TX-5891FE11F09C,ORD-FFFFC752,2026-09-16T01:35:39.354855+00:00,CUST-87858,Corporate,Singapore,Gold,SKU-HOM-748,Home & Office,Lighting,52.01,2,104.02,25.0,78.02,6.44,26.42,0.2607,WH-APAC-01,UPS Freight,3.3,cancelled,False
TX-4FF1E3AF8DFA,ORD-3971AF43,2026-08-26T22:34:39.354855+00:00,CUST-98358,Corporate,Canada,Platinum,SKU-ELE-861,Electronics,Smartphones,738.3,2,1476.6,0.0,1476.6,121.82,0.0,0.1607,WH-EU-01,UPS Freight,1.4,delivered,False
TX-B5B7E60DDD71,ORD-F1C62AB2,2026-09-02T12:23:39.354855+00:00,CUST-52140,Corporate,Canada,Platinum,SKU-HOM-433,Home & Office,Storage,273.91,1,273.91,0.0,273.91,22.6,0.0,0.4321,WH-EAST-01,DHL Worldwide,4.4,delivered,False
TX-A977E5A841E1,ORD-6B82812B,2026-07-15T01:41:39.354855+00:00,CUST-57674,Enterprise,USA,Gold,SKU-IND-684,Industrial,Sensors,1881.41,1,1881.41,5.0,1787.34,147.46,0.0,0.2401,WH-EU-01,FedEx Express,1.5,returned,False
TX-265903DFB2BC,ORD-34CF020D,2026-09-09T09:22:39.354855+00:00,CUST-17275,Consumer,USA,Bronze,SKU-IND-273,Industrial,Fasteners,1066.22,1,1066.22,0.0,1066.22,87.96,0.0,0.165,WH-CENTRAL-03,FedEx Express,4.0,delivered,False
TX-CE7C93415444,ORD-678EC542,2026-09-06T11:18:39.354855+00:00,CUST-11666,Consumer,Canada,Bronze,SKU-IND-953,Industrial,Hydraulics,618.26,1,618.26,0.0,618.26,51.01,0.0,0.2339,WH-CENTRAL-03,UPS Freight,2.3,returned,False
TX-011A06E1E99C,ORD-7DB955E3,2026-09-24T05:34:39.354855+00:00,CUST-80000,Corporate,Australia,Gold,SKU-AUT-812,Automotive,Diagnostics,797.68,1,797.68,15.0,678.03,55.94,0.0,0.316,WH-EU-01,DHL Worldwide,1.5,delivered,False
TX-F52F55F12644,ORD-7086AEEC,2026-08-27T00:11:39.354855+00:00,CUST-50712,Enterprise,Canada,Gold,SKU-HOM-741,Home & Office,Lighting,303.99,1,303.99,15.0,258.39,21.32,0.0,0.296,WH-WEST-02,UPS Freight,2.8,delivered,False
TX-0838720BEA63,ORD-A72ECD2C,2026-08-20T02:48:39.354855+00:00,CUST-57822,Small Business,United Kingdom,Silver,SKU-ELE-409,Electronics,Audio,984.58,2,1969.16,0.0,1969.16,162.46,0.0,0.3253,WH-WEST-02,Amazon Logistics,0.9,delivered,False
TX-90DF21A110AB,ORD-D173B130,2026-09-05T02:54:39.354855+00:00,CUST-78778,Consumer,Singapore,Gold,SKU-HOM-296,Home & Office,Furniture,295.08,1,295.08,0.0,295.08,24.34,0.0,0.3345,WH-CENTRAL-03,FedEx Express,3.6,delivered,False
TX-71B142EB30D0,ORD-CD81DC2D,2026-07-31T16:53:39.354855+00:00,CUST-34075,Small Business,Japan,Silver,SKU-IND-226,Industrial,Sensors,1643.41,10,16434.1,15.0,13968.98,1152.44,0.0,0.1743,WH-WEST-02,DHL Worldwide,3.7,delivered,False
TX-49935A963723,ORD-0CCC3F0A,2026-08-17T00:27:39.354855+00:00,CUST-29995,Corporate,France,Silver,SKU-AUT-248,Automotive,Batteries,759.88,3,2279.64,0.0,2279.64,188.07,0.0,0.3303,WH-CENTRAL-03,DHL Worldwide,2.4,pending,False
TX-FD032065D2F4,ORD-281A061B,2026-07-27T05:39:39.354855+00:00,CUST-52930,Enterprise,Japan,Silver,SKU-HOM-840,Home & Office,Ergonomics,62.87,5,314.35,5.0,298.63,24.64,0.0,0.3198,WH-CENTRAL-03,UPS Freight,2.7,delivered,False
TX-AD7635EC71D7,ORD-CD9E4442,2026-09-04T18:31:39.354855+00:00,CUST-67658,Corporate,France,Platinum,SKU-APP-204,Apparel,Workwear,121.4,1,121.4,0.0,121.4,10.02,28.69,0.1355,WH-EU-01,Amazon Logistics,4.2,in_transit,True
TX-26C14D152BA7,ORD-525FD0E1,2026-09-19T08:54:39.354855+00:00,CUST-66879,Enterprise,Canada,Bronze,SKU-APP-873,Apparel,Outerwear,211.43,1,211.43,0.0,211.43,17.44,30.46,0.3157,WH-CENTRAL-03,Amazon Logistics,4.8,delivered,False
TX-BDCB73BF3BC0,ORD-F04FDC6E,2026-08-30T22:33:39.354855+00:00,CUST-47978,Enterprise,Australia,Bronze,SKU-AUT-278,Automotive,Lighting,393.74,1,393.74,10.0,354.37,29.24,0.0,0.4022,WH-APAC-01,UPS Freight,3.5,delivered,False
TX-BBE64076FDB2,ORD-BA8E7F20,2026-08-20T10:32:39.354855+00:00,CUST-77841,Small Business,Germany,Gold,SKU-HOM-156,Home & Office,Furniture,210.08,2,420.16,10.0,378.14,31.2,0.0,0.4548,WH-APAC-01,Amazon Logistics,2.4,delivered,False
TX-FB15569E85B6,ORD-3749BBD3,2026-08-20T22:48:39.354855+00:00,CUST-36976,Consumer,France,Silver,SKU-AUT-372,Automotive,Batteries,618.43,2,1236.86,5.0,1175.02,96.94,0.0,0.3901,WH-WEST-02,FedEx Express,2.0,delivered,False
TX-50A2A58F0856,ORD-229A1F14,2026-08-14T13:51:39.354855+00:00,CUST-62465,Corporate,France,Platinum,SKU-AUT-616,Automotive,Brakes,862.49,1,862.49,0.0,862.49,71.16,0.0,0.26,WH-EAST-01,FedEx Express,5.6,delivered,True
TX-92F025BB58B4,ORD-70B200D6,2026-08-31T09:21:39.354855+00:00,CUST-33633,Small Business,Singapore,Bronze,SKU-HOM-316,Home & Office,Lighting,201.5,1,201.5,5.0,191.42,15.79,32.75,0.4207,WH-CENTRAL-03,Amazon Logistics,2.1,delivered,False
TX-191E59CECB59,ORD-187D0F0B,2026-09-28T06:12:39.354855+00:00,CUST-34709,Corporate,France,Platinum,SKU-IND-222,Industrial,Fasteners,2695.86,3,8087.58,0.0,8087.58,667.23,0.0,0.2725,WH-EAST-01,UPS Freight,1.5,delivered,False
TX-2D3AB50E4FBA,ORD-567BE4A1,2026-08-17T04:12:39.354855+00:00,CUST-92714,Consumer,Singapore,Silver,SKU-HOM-773,Home & Office,Storage,99.27,1,99.27,15.0,84.38,6.96,13.23,0.3476,WH-CENTRAL-03,UPS Freight,3.5,in_transit,False
TX-6FD3C7D6D36F,ORD-E42ED5BD,2026-09-24T09:20:39.354855+00:00,CUST-84643,Corporate,United Kingdom,Gold,SKU-ELE-819,Electronics,Laptops,687.93,1,687.93,0.0,687.93,56.75,0.0,0.1823,WH-EU-01,DHL Worldwide,3.4,delivered,False
TX-090AF75FAE8B,ORD-9E6CC3AC,2026-08-27T10:18:39.354855+00:00,CUST-98983,Consumer,Japan,Silver,SKU-AUT-358,Automotive,Batteries,599.56,2,1199.12,0.0,1199.12,98.93,0.0,0.2191,WH-EAST-01,UPS Freight,5.1,delivered,False
TX-199BC03414E3,ORD-97F9277D,2026-08-10T17:02:39.354855+00:00,CUST-62799,Enterprise,Germany,Gold,SKU-APP-559,Apparel,Workwear,212.01,5,1060.05,5.0,1007.05,83.08,0.0,0.3678,WH-EU-01,FedEx Express,3.7,delivered,False
TX-FFAAFA13BF97,ORD-A24D8C66,2026-07-19T17:26:39.354855+00:00,CUST-96679,Enterprise,France,Gold,SKU-IND-954,Industrial,Fasteners,2053.93,2,4107.86,0.0,4107.86,338.9,0.0,0.2352,WH-CENTRAL-03,UPS Freight,4.6,delivered,False
TX-3BD0C958EC5A,ORD-F224167D,2026-08-28T07:49:39.354855+00:00,CUST-31718,Small Business,Japan,Gold,SKU-ELE-266,Electronics,Accessories,1401.48,1,1401.48,25.0,1051.11,86.72,0.0,0.2317,WH-EU-01,DHL Worldwide,4.0,delivered,False
TX-8B4374CEAB80,ORD-C67C9770,2026-08-09T06:30:39.354855+00:00,CUST-58036,Small Business,Japan,Platinum,SKU-APP-184,Apparel,Workwear,192.51,2,385.02,10.0,346.52,28.59,0.0,0.4003,WH-EAST-01,Amazon Logistics,5.2,delivered,False
TX-43613F0F716C,ORD-52CE5886,2026-07-19T15:49:39.354855+00:00,CUST-18610,Corporate,United Kingdom,Gold,SKU-AUT-308,Automotive,Diagnostics,484.75,1,484.75,5.0,460.51,37.99,0.0,0.3771,WH-EAST-01,DHL Worldwide,5.9,delivered,True
TX-9C68D73F154E,ORD-7283FEB3,2026-08-02T05:05:39.354855+00:00,CUST-24905,Consumer,France,Platinum,SKU-APP-969,Apparel,Footwear,247.56,1,247.56,0.0,247.56,20.42,23.75,0.2264,WH-CENTRAL-03,DHL Worldwide,1.4,delivered,False
TX-F29EF4F4032F,ORD-995DF470,2026-07-26T05:02:39.354855+00:00,CUST-67522,Enterprise,USA,Gold,SKU-APP-163,Apparel,Workwear,162.82,1,162.82,0.0,162.82,13.43,32.69,0.3085,WH-APAC-01,Amazon Logistics,5.8,delivered,True
TX-FA5122222F58,ORD-ABB51744,2026-08-26T11:01:39.354855+00:00,CUST-46134,Small Business,United Kingdom,Gold,SKU-IND-847,Industrial,Motors,2225.78,1,2225.78,0.0,2225.78,183.63,0.0,0.3417,WH-CENTRAL-03,UPS Freight,6.8,delivered,True
TX-B3FAA1F1F6EE,ORD-B123DF82,2026-09-02T05:09:39.354855+00:00,CUST-72580,Corporate,Japan,Platinum,SKU-HOM-678,Home & Office,Storage,281.79,1,281.79,0.0,281.79,23.25,0.0,0.3843,WH-CENTRAL-03,DHL Worldwide,4.3,delivered,False
TX-329A9DA4B4AE,ORD-421074F6,2026-07-22T09:54:39.354855+00:00,CUST-15853,Corporate,Japan,Platinum,SKU-APP-793,Apparel,Sportswear,274.26,1,274.26,25.0,205.69,16.97,20.81,0.4397,WH-CENTRAL-03,DHL Worldwide,2.9,delivered,False
TX-E2C6795C1332,ORD-DA75E595,2026-07-06T07:57:39.354855+00:00,CUST-94314,Consumer,Australia,Platinum,SKU-ELE-772,Electronics,Audio,798.84,1,798.84,5.0,758.9,62.61,0.0,0.3468,WH-EAST-01,FedEx Express,2.5,delivered,False
TX-7DF90F321AE0,ORD-962E5FB3,2026-08-11T23:09:39.354855+00:00,CUST-67342,Small Business,Germany,Platinum,SKU-IND-929,Industrial,Hydraulics,2011.8,2,4023.6,10.0,3621.24,298.75,0.0,0.2612,WH-EU-01,DHL Worldwide,0.7,in_transit,False
TX-066E5EFEFDF0,ORD-C9D1F9C2,2026-09-19T12:48:39.354855+00:00,CUST-31928,Enterprise,Australia,Platinum,SKU-APP-108,Apparel,Sportswear,321.42,1,321.42,10.0,289.28,23.87,0.0,0.2515,WH-APAC-01,DHL Worldwide,3.4,delivered,False
TX-6EFDFCA9B716,ORD-9C2A0C41,2026-07-16T07:03:39.354855+00:00,CUST-31554,Small Business,France,Bronze,SKU-HOM-546,Home & Office,Lighting,74.69,1,74.69,0.0,74.69,6.16,28.32,0.1687,WH-APAC-01,UPS Freight,3.4,in_transit,False
TX-3DFC963FB4BE,ORD-80FCD44F,2026-07-17T09:35:39.354855+00:00,CUST-96150,Consumer,USA,Silver,SKU-AUT-637,Automotive,Diagnostics,53.66,1,53.66,15.0,45.61,3.76,31.98,0.2778,WH-APAC-01,Amazon Logistics,2.9,in_transit,False
TX-B2CE7195FAB9,ORD-D1DF2874,2026-08-24T11:53:39.354855+00:00,CUST-49808,Enterprise,Canada,Gold,SKU-AUT-476,Automotive,Diagnostics,490.48,2,980.96,10.0,882.86,72.84,0.0,0.3522,WH-EAST-01,Amazon Logistics,4.9,delivered,False
TX-7D3CF08B1414,ORD-FAF02B27,2026-08-05T08:03:39.354855+00:00,CUST-13285,Enterprise,USA,Platinum,SKU-APP-806,Apparel,Outerwear,225.83,1,225.83,5.0,214.54,17.7,30.13,0.3907,WH-EU-01,UPS Freight,3.4,in_transit,False
TX-E41842F058CF,ORD-AC9C4CFF,2026-08-29T20:31:39.354855+00:00,CUST-76813,Corporate,Australia,Platinum,SKU-HOM-104,Home & Office,Furniture,232.91,1,232.91,5.0,221.26,18.25,34.81,0.1421,WH-APAC-01,UPS Freight,6.1,delivered,True
TX-71EFAE216F32,ORD-DCF955B2,2026-07-10T08:10:39.354855+00:00,CUST-11613,Enterprise,Japan,Gold,SKU-IND-934,Industrial,Sensors,970.54,2,1941.08,5.0,1844.03,152.13,0.0,0.3845,WH-CENTRAL-03,DHL Worldwide,2.4,delivered,False
TX-5795691AAE71,ORD-BB84D050,2026-09-17T21:59:39.354855+00:00,CUST-27676,Enterprise,Australia,Gold,SKU-IND-758,Industrial,Fasteners,1088.89,1,1088.89,5.0,1034.45,85.34,0.0,0.4587,WH-APAC-01,FedEx Express,3.2,delivered,False
TX-4B997A2B3B3F,ORD-F9CBC0C7,2026-08-06T23:28:39.354855+00:00,CUST-33819,Small Business,Germany,Platinum,SKU-ELE-870,Electronics,Displays,832.23,2,1664.46,5.0,1581.24,130.45,0.0,0.2793,WH-EU-01,UPS Freight,3.2,delivered,False
TX-4DC5E3E631F3,ORD-DC02950B,2026-09-09T03:38:39.354855+00:00,CUST-58843,Consumer,Singapore,Bronze,SKU-ELE-930,Electronics,Accessories,1735.64,2,3471.28,0.0,3471.28,286.38,0.0,0.4327,WH-EU-01,FedEx Express,3.2,in_transit,False
TX-C2B62B533DA4,ORD-0DBD3B38,2026-07-15T10:07:39.354855+00:00,CUST-49039,Enterprise,Australia,Platinum,SKU-ELE-884,Electronics,Accessories,824.28,2,1648.56,10.0,1483.7,122.41,0.0,0.1714,WH-EU-01,Amazon Logistics,4.0,delivered,False
TX-67B244D89652,ORD-02D2838B,2026-07-30T19:56:39.354855+00:00,CUST-11333,Corporate,Japan,Gold,SKU-APP-470,Apparel,Footwear,123.47,5,617.35,25.0,463.01,38.2,0.0,0.2074,WH-EU-01,DHL Worldwide,2.5,delivered,False
TX-E835A3050258,ORD-45DB8687,2026-07-15T21:28:39.354855+00:00,CUST-60439,Enterprise,Singapore,Platinum,SKU-IND-194,Industrial,Hydraulics,1795.31,1,1795.31,40.0,1077.19,88.87,0.0,0.2103,WH-EAST-01,Amazon Logistics,2.5,pending,False
TX-84F554A10E45,ORD-63363713,2026-07-25T21:01:39.354855+00:00,CUST-23989,Enterprise,Japan,Gold,SKU-IND-215,Industrial,Sensors,464.48,1,464.48,0.0,464.48,38.32,0.0,0.4275,WH-APAC-01,UPS Freight,4.0,in_transit,False
TX-21AB2D192654,ORD-8750E044,2026-09-22T17:55:39.354855+00:00,CUST-35688,Corporate,USA,Platinum,SKU-ELE-692,Electronics,Accessories,879.19,1,879.19,0.0,879.19,72.53,0.0,0.4187,WH-CENTRAL-03,DHL Worldwide,3.7,delivered,False
TX-9955EECB3CCD,ORD-20D48AB6,2026-09-25T11:53:39.354855+00:00,CUST-14765,Consumer,Australia,Bronze,SKU-AUT-430,Automotive,Diagnostics,648.85,2,1297.7,5.0,1232.82,101.71,0.0,0.3507,WH-EAST-01,Amazon Logistics,3.5,delivered,False
TX-A7B9F5453C30,ORD-5FF3CF7B,2026-09-24T22:00:39.354855+00:00,CUST-97284,Corporate,United Kingdom,Silver,SKU-IND-323,Industrial,Motors,808.29,1,808.29,0.0,808.29,66.68,0.0,0.303,WH-APAC-01,DHL Worldwide,4.3,returned,False
TX-09B2087DAE29,ORD-A2F32AB1,2026-09-29T19:06:39.354855+00:00,CUST-52979,Small Business,Singapore,Bronze,SKU-HOM-138,Home & Office,Lighting,209.43,1,209.43,0.0,209.43,17.28,24.46,0.3019,WH-CENTRAL-03,Amazon Logistics,7.0,delivered,True
TX-E71813B96ABA,ORD-42B5F69A,2026-07-03T19:56:39.354855+00:00,CUST-63040,Enterprise,Japan,Platinum,SKU-AUT-623,Automotive,Batteries,95.67,1,95.67,0.0,95.67,7.89,22.43,0.2335,WH-WEST-02,FedEx Express,5.5,delivered,False
TX-2D2AF94CC28D,ORD-A59DD598,2026-07-28T21:52:39.354855+00:00,CUST-58182,Consumer,Singapore,Gold,SKU-APP-128,Apparel,Workwear,324.93,1,324.93,0.0,324.93,26.81,0.0,0.1731,WH-WEST-02,DHL Worldwide,5.6,delivered,True
TX-2A2DAD6E2B43,ORD-6CB4CB77,2026-09-06T14:02:39.354855+00:00,CUST-7539,Corporate,France,Silver,SKU-ELE-902,Electronics,Audio,890.39,1,890.39,5.0,845.87,69.78,0.0,0.3669,WH-EAST-01,FedEx Express,4.5,in_transit,True
TX-A66130A8509D,ORD-BEA7FCDA,2026-08-06T07:13:39.354855+00:00,CUST-30601,Consumer,Singapore,Silver,SKU-APP-235,Apparel,Sportswear,80.39,1,80.39,25.0,60.29,4.97,11.59,0.4506,WH-WEST-02,FedEx Express,3.3,delivered,False
TX-E25168F3F11B,ORD-A3AD5445,2026-08-23T03:32:39.354855+00:00,CUST-85394,Corporate,Singapore,Bronze,SKU-IND-413,Industrial,Hydraulics,2679.24,5,13396.2,0.0,13396.2,1105.19,0.0,0.1545,WH-CENTRAL-03,FedEx Express,4.8,delivered,False
TX-EC5FD864C398,ORD-4A73EA36,2026-08-22T17:40:39.354855+00:00,CUST-56315,Enterprise,Canada,Silver,SKU-APP-451,Apparel,Sportswear,116.9,25,2922.5,5.0,2776.38,229.05,0.0,0.4669,WH-EU-01,Amazon Logistics,1.2,in_transit,False
TX-65D3A99CCB80,ORD-AD6B5C65,2026-09-18T12:20:39.354855+00:00,CUST-72000,Enterprise,Singapore,Bronze,SKU-IND-518,Industrial,Pneumatics,902.74,1,902.74,5.0,857.6,70.75,0.0,0.3947,WH-WEST-02,UPS Freight,2.7,delivered,False
TX-2CE861D81CC2,ORD-156A2140,2026-07-07T23:10:39.354855+00:00,CUST-65592,Small Business,Australia,Platinum,SKU-AUT-961,Automotive,Brakes,772.34,1,772.34,25.0,579.25,47.79,0.0,0.3714,WH-CENTRAL-03,FedEx Express,6.2,in_transit,True
TX-C0B77436D245,ORD-FC29EDAD,2026-07-21T02:45:39.354855+00:00,CUST-37402,Enterprise,France,Silver,SKU-APP-445,Apparel,Workwear,273.45,5,1367.25,5.0,1298.89,107.16,0.0,0.4422,WH-WEST-02,UPS Freight,0.8,delivered,False
TX-F626B51D1A13,ORD-C3FF7529,2026-09-16T23:39:39.354855+00:00,CUST-73739,Consumer,United Kingdom,Silver,SKU-AUT-452,Automotive,Lighting,441.72,1,441.72,0.0,441.72,36.44,0.0,0.4125,WH-EU-01,FedEx Express,3.4,delivered,False
TX-33F42E6BD718,ORD-A26B65EF,2026-08-03T14:34:39.354855+00:00,CUST-37937,Consumer,Germany,Platinum,SKU-APP-408,Apparel,Workwear,337.55,1,337.55,0.0,337.55,27.85,0.0,0.2798,WH-APAC-01,DHL Worldwide,2.9,pending,False
TX-A36043647142,ORD-75CDCA74,2026-08-02T13:10:39.354855+00:00,CUST-82206,Enterprise,Singapore,Silver,SKU-ELE-422,Electronics,Audio,236.87,5,1184.35,25.0,888.26,73.28,0.0,0.2645,WH-EAST-01,Amazon Logistics,4.5,pending,False
TX-32CFEA5B3C09,ORD-C8AF3839,2026-08-23T19:20:39.354855+00:00,CUST-72083,Corporate,USA,Bronze,SKU-AUT-516,Automotive,Lighting,651.72,2,1303.44,0.0,1303.44,107.53,0.0,0.3077,WH-WEST-02,DHL Worldwide,5.7,delivered,True
TX-57D758C11A5A,ORD-07C454A1,2026-09-21T03:51:39.354855+00:00,CUST-37678,Corporate,Germany,Platinum,SKU-IND-272,Industrial,Motors,2884.17,5,14420.85,25.0,10815.64,892.29,0.0,0.3478,WH-EU-01,UPS Freight,2.1,delivered,False
TX-F6F02F629938,ORD-BEC7316F,2026-09-26T12:15:39.354855+00:00,CUST-63624,Small Business,Canada,Silver,SKU-APP-918,Apparel,Sportswear,161.01,10,1610.1,5.0,1529.59,126.19,0.0,0.2331,WH-CENTRAL-03,Amazon Logistics,2.4,in_transit,False
TX-F533F0658CA8,ORD-60FE7785,2026-08-24T03:18:39.354855+00:00,CUST-93330,Consumer,USA,Bronze,SKU-HOM-515,Home & Office,Storage,85.04,1,85.04,0.0,85.04,7.02,8.75,0.2322,WH-APAC-01,Amazon Logistics,2.4,delivered,False
TX-529324C583F9,ORD-2A4B99E2,2026-08-28T20:30:39.354855+00:00,CUST-82211,Enterprise,Australia,Silver,SKU-IND-394,Industrial,Pneumatics,2131.12,1,2131.12,5.0,2024.56,167.03,0.0,0.2994,WH-EAST-01,UPS Freight,4.4,pending,False
TX-704FA6060A51,ORD-3F2661DF,2026-07-16T05:34:39.354855+00:00,CUST-75023,Consumer,United Kingdom,Platinum,SKU-ELE-438,Electronics,Accessories,117.3,1,117.3,0.0,117.3,9.68,16.43,0.4184,WH-APAC-01,UPS Freight,2.8,delivered,False
TX-AF9CE9EE3A22,ORD-92DBDA71,2026-09-13T11:17:39.354855+00:00,CUST-76022,Enterprise,United Kingdom,Gold,SKU-ELE-220,Electronics,Smartphones,591.52,1,591.52,10.0,532.37,43.92,0.0,0.1214,WH-EU-01,UPS Freight,1.5,delivered,False
TX-3C4F9EFA99A7,ORD-21B07C1A,2026-08-19T21:26:39.354855+00:00,CUST-81283,Consumer,Australia,Bronze,SKU-AUT-147,Automotive,Diagnostics,370.16,1,370.16,0.0,370.16,30.54,0.0,0.4505,WH-APAC-01,FedEx Express,0.8,in_transit,False
TX-FDA9FEA93E0F,ORD-042E58E1,2026-09-10T22:42:39.354855+00:00,CUST-78383,Consumer,Germany,Bronze,SKU-ELE-847,Electronics,Smartphones,494.24,1,494.24,40.0,296.54,24.46,0.0,0.2308,WH-CENTRAL-03,UPS Freight,1.9,in_transit,False
TX-07426FF99462,ORD-0451C7AA,2026-08-06T11:28:39.354855+00:00,CUST-91006,Small Business,Australia,Gold,SKU-IND-508,Industrial,Sensors,1222.91,1,1222.91,0.0,1222.91,100.89,0.0,0.3515,WH-WEST-02,FedEx Express,3.1,delivered,False
TX-D833AB7883D2,ORD-046EF71B,2026-09-08T17:22:39.354855+00:00,CUST-46308,Corporate,Australia,Platinum,SKU-AUT-667,Automotive,Lighting,193.09,5,965.45,0.0,965.45,79.65,0.0,0.2748,WH-WEST-02,Amazon Logistics,5.5,in_transit,True
TX-9555C8735D55,ORD-8BA7DDBA,2026-07-30T19:24:39.354855+00:00,CUST-37138,Consumer,Canada,Platinum,SKU-ELE-302,Electronics,Smartphones,595.57,1,595.57,0.0,595.57,49.13,0.0,0.2778,WH-CENTRAL-03,UPS Freight,1.5,delivered,False
TX-C621BE505159,ORD-C1B5483E,2026-07-21T10:23:39.354855+00:00,CUST-77592,Small Business,France,Platinum,SKU-IND-272,Industrial,Sensors,1120.74,1,1120.74,0.0,1120.74,92.46,0.0,0.3662,WH-EAST-01,FedEx Express,3.7,delivered,False
TX-70B0D4B4DA72,ORD-953511A0,2026-08-22T10:48:39.354855+00:00,CUST-51134,Consumer,France,Bronze,SKU-APP-822,Apparel,Sportswear,155.19,2,310.38,0.0,310.38,25.61,0.0,0.3252,WH-APAC-01,Amazon Logistics,4.4,delivered,False
TX-19902DED5242,ORD-4EF1F398,2026-09-12T04:13:39.354855+00:00,CUST-60857,Enterprise,France,Platinum,SKU-AUT-480,Automotive,Diagnostics,672.75,1,672.75,15.0,571.84,47.18,0.0,0.1699,WH-APAC-01,FedEx Express,3.0,delivered,False
TX-D51526D613DE,ORD-CEFD1099,2026-09-08T14:47:39.354855+00:00,CUST-98553,Consumer,Germany,Platinum,SKU-AUT-989,Automotive,Diagnostics,200.5,3,601.5,0.0,601.5,49.62,0.0,0.3312,WH-WEST-02,Amazon Logistics,3.2,delivered,False
TX-9FF90AD26B2E,ORD-2A1BAF9B,2026-09-10T21:46:39.354855+00:00,CUST-3382,Corporate,Japan,Silver,SKU-ELE-605,Electronics,Accessories,222.98,1,222.98,5.0,211.83,17.48,32.74,0.4768,WH-CENTRAL-03,FedEx Express,7.8,pending,True
TX-F129F0B96D3B,ORD-EF100FAD,2026-07-08T05:05:39.354855+00:00,CUST-44020,Enterprise,Canada,Bronze,SKU-AUT-378,Automotive,Lighting,275.96,2,551.92,0.0,551.92,45.53,0.0,0.4768,WH-CENTRAL-03,DHL Worldwide,6.9,delivered,True
TX-55BF51E80BB8,ORD-EB02C34E,2026-09-29T10:11:39.354855+00:00,CUST-36463,Small Business,United Kingdom,Silver,SKU-APP-992,Apparel,Footwear,261.43,1,261.43,15.0,222.22,18.33,12.7,0.3154,WH-CENTRAL-03,DHL Worldwide,1.1,cancelled,False
TX-8D96FD2FE6CA,ORD-BABE1E0B,2026-08-28T20:11:39.354855+00:00,CUST-84496,Enterprise,Japan,Gold,SKU-APP-562,Apparel,Footwear,244.27,2,488.54,0.0,488.54,40.3,0.0,0.1876,WH-CENTRAL-03,Amazon Logistics,5.8,delivered,True
TX-2A189214179C,ORD-F35DD8C8,2026-08-16T02:03:39.354855+00:00,CUST-56033,Enterprise,Japan,Bronze,SKU-ELE-522,Electronics,Displays,1368.65,1,1368.65,5.0,1300.22,107.27,0.0,0.2538,WH-EU-01,Amazon Logistics,4.3,delivered,False
TX-E0A9FB51E6FD,ORD-276E72A5,2026-08-08T20:22:39.354855+00:00,CUST-62792,Enterprise,France,Silver,SKU-AUT-722,Automotive,Batteries,864.2,3,2592.6,5.0,2462.97,203.2,0.0,0.3675,WH-APAC-01,DHL Worldwide,5.6,delivered,True
TX-10F3E7C5EC40,ORD-B9060B86,2026-07-14T13:03:39.354855+00:00,CUST-71856,Consumer,Australia,Platinum,SKU-ELE-619,Electronics,Laptops,1231.13,1,1231.13,5.0,1169.57,96.49,0.0,0.1764,WH-EU-01,UPS Freight,7.1,delivered,True
TX-545B7ED49EC6,ORD-1A9E4D3D,2026-07-30T06:18:39.354855+00:00,CUST-85824,Consumer,Australia,Bronze,SKU-AUT-271,Automotive,Batteries,181.18,1,181.18,0.0,181.18,14.95,15.07,0.477,WH-WEST-02,DHL Worldwide,3.7,delivered,False
TX-B7150A3AE585,ORD-A5BF7D47,2026-07-07T03:49:39.354855+00:00,CUST-98302,Small Business,Singapore,Platinum,SKU-APP-919,Apparel,Workwear,44.55,3,133.65,0.0,133.65,11.03,28.88,0.2177,WH-CENTRAL-03,Amazon Logistics,2.4,delivered,False
TX-D1461AEE0F33,ORD-706495FE,2026-07-19T02:04:39.354855+00:00,CUST-25410,Enterprise,Canada,Silver,SKU-APP-423,Apparel,Outerwear,113.49,1,113.49,0.0,113.49,9.36,9.09,0.1555,WH-APAC-01,FedEx Express,3.9,delivered,False
TX-79D57F750405,ORD-59B9CC14,2026-08-04T03:23:39.354855+00:00,CUST-60347,Corporate,Japan,Platinum,SKU-APP-785,Apparel,Outerwear,97.11,1,97.11,0.0,97.11,8.01,12.09,0.1588,WH-CENTRAL-03,UPS Freight,7.8,delivered,True
TX-9F7E59183C1B,ORD-5EC3FF13,2026-09-12T17:14:39.354855+00:00,CUST-22474,Corporate,France,Bronze,SKU-AUT-495,Automotive,Lighting,479.89,1,479.89,15.0,407.91,33.65,0.0,0.351,WH-WEST-02,Amazon Logistics,2.8,cancelled,False
TX-23A7E96EA7FE,ORD-A5A85F5F,2026-08-01T14:00:39.354855+00:00,CUST-26395,Consumer,Australia,Bronze,SKU-APP-451,Apparel,Sportswear,90.47,1,90.47,0.0,90.47,7.46,16.1,0.4421,WH-CENTRAL-03,UPS Freight,4.1,in_transit,True
TX-475E6C61BD73,ORD-5B3BDE2B,2026-09-27T05:35:39.354855+00:00,CUST-77559,Small Business,Germany,Silver,SKU-ELE-781,Electronics,Laptops,1457.97,10,14579.7,5.0,13850.72,1142.68,0.0,0.1928,WH-EU-01,FedEx Express,2.4,delivered,False
TX-5841DD74449E,ORD-39738476,2026-08-27T01:56:39.354855+00:00,CUST-63244,Enterprise,Japan,Platinum,SKU-APP-389,Apparel,Outerwear,175.44,1,175.44,15.0,149.12,12.3,34.71,0.2611,WH-CENTRAL-03,Amazon Logistics,3.0,delivered,False
TX-05E3FEC6CA41,ORD-E0A1835E,2026-08-11T00:34:39.354855+00:00,CUST-73914,Corporate,USA,Bronze,SKU-IND-287,Industrial,Hydraulics,782.35,3,2347.05,10.0,2112.35,174.27,0.0,0.2331,WH-EAST-01,UPS Freight,4.7,delivered,False
TX-1A0B53574B2A,ORD-5A601B25,2026-08-31T23:32:39.354855+00:00,CUST-18257,Corporate,USA,Gold,SKU-HOM-357,Home & Office,Furniture,29.51,3,88.53,40.0,53.12,4.38,27.34,0.3272,WH-EAST-01,Amazon Logistics,2.9,delivered,False
TX-4FF0D2A100D5,ORD-F826C1BB,2026-09-10T07:30:39.354855+00:00,CUST-37009,Consumer,USA,Platinum,SKU-HOM-829,Home & Office,Furniture,64.24,1,64.24,0.0,64.24,5.3,16.73,0.3733,WH-CENTRAL-03,DHL Worldwide,3.0,delivered,False
TX-C4D998856AC2,ORD-3EB391BA,2026-08-24T15:22:39.354855+00:00,CUST-55899,Small Business,Japan,Silver,SKU-AUT-426,Automotive,Lighting,480.1,1,480.1,0.0,480.1,39.61,0.0,0.4047,WH-EU-01,Amazon Logistics,2.0,cancelled,False
TX-EFDCA04489D4,ORD-E964CF9A,2026-09-27T22:01:39.354855+00:00,CUST-40667,Corporate,Japan,Platinum,SKU-ELE-283,Electronics,Laptops,790.71,5,3953.55,0.0,3953.55,326.17,0.0,0.395,WH-APAC-01,UPS Freight,2.2,in_transit,False
TX-DC064A2796A7,ORD-3CEF2FA1,2026-07-13T01:13:39.354855+00:00,CUST-20125,Small Business,Canada,Platinum,SKU-APP-971,Apparel,Workwear,209.64,1,209.64,5.0,199.16,16.43,30.3,0.1762,WH-EAST-01,FedEx Express,3.1,delivered,False
TX-A20AE0289981,ORD-83ED93F2,2026-07-31T11:25:39.354855+00:00,CUST-87833,Corporate,Japan,Silver,SKU-AUT-180,Automotive,Batteries,783.34,2,1566.68,0.0,1566.68,129.25,0.0,0.1658,WH-WEST-02,DHL Worldwide,3.8,cancelled,False
TX-AA9399EDBC88,ORD-5457431B,2026-09-16T01:35:39.354855+00:00,CUST-34560,Corporate,USA,Platinum,SKU-HOM-759,Home & Office,Ergonomics,298.94,3,896.82,0.0,896.82,73.99,0.0,0.3085,WH-EU-01,DHL Worldwide,6.4,delivered,True
TX-719A09474997,ORD-70DCB20C,2026-08-20T01:43:39.354855+00:00,CUST-79312,Consumer,Singapore,Gold,SKU-APP-907,Apparel,Footwear,21.83,1,21.83,40.0,13.1,1.08,26.24,0.2022,WH-WEST-02,UPS Freight,2.7,delivered,False
TX-F6052909CDC8,ORD-ABFC1E44,2026-09-23T22:38:39.354855+00:00,CUST-94264,Consumer,Japan,Platinum,SKU-APP-269,Apparel,Footwear,264.41,3,793.23,5.0,753.57,62.17,0.0,0.2965,WH-CENTRAL-03,FedEx Express,3.0,delivered,False
TX-C44A14B635FD,ORD-38AC6DB1,2026-07-18T03:44:39.354855+00:00,CUST-10505,Small Business,United Kingdom,Platinum,SKU-HOM-366,Home & Office,Furniture,331.9,1,331.9,0.0,331.9,27.38,0.0,0.4532,WH-EAST-01,DHL Worldwide,1.0,delivered,False
TX-647A2CE94B85,ORD-E18CEA75,2026-09-23T10:33:39.354855+00:00,CUST-37971,Enterprise,Australia,Bronze,SKU-ELE-432,Electronics,Displays,611.54,2,1223.08,0.0,1223.08,100.9,0.0,0.1334,WH-CENTRAL-03,Amazon Logistics,1.0,delivered,False
TX-551E4C8204AD,ORD-9B33A30B,2026-07-13T22:27:39.354855+00:00,CUST-46142,Enterprise,Germany,Bronze,SKU-IND-886,Industrial,Sensors,1463.43,2,2926.86,0.0,2926.86,241.47,0.0,0.4364,WH-EAST-01,FedEx Express,2.1,delivered,False
TX-A094817F7657,ORD-A371E401,2026-07-07T09:10:39.354855+00:00,CUST-82760,Small Business,France,Bronze,SKU-APP-644,Apparel,Workwear,106.05,1,106.05,5.0,100.75,8.31,24.73,0.1966,WH-CENTRAL-03,FedEx Express,3.1,in_transit,False
TX-396AD4EC016E,ORD-FFC4E7FB,2026-07-21T21:38:39.354855+00:00,CUST-79328,Consumer,Japan,Bronze,SKU-HOM-605,Home & Office,Ergonomics,103.95,1,103.95,0.0,103.95,8.58,30.59,0.307,WH-EU-01,Amazon Logistics,1.0,delivered,False
TX-2A008FE63E47,ORD-C73AC9E2,2026-09-19T16:34:39.354855+00:00,CUST-37764,Consumer,France,Platinum,SKU-IND-821,Industrial,Fasteners,2276.44,3,6829.32,0.0,6829.32,563.42,0.0,0.2601,WH-WEST-02,Amazon Logistics,5.9,delivered,True
TX-C645FFF055D8,ORD-787ABE73,2026-07-06T11:00:39.354855+00:00,CUST-30264,Consumer,United Kingdom,Silver,SKU-APP-456,Apparel,Outerwear,173.61,1,173.61,0.0,173.61,14.32,23.4,0.1904,WH-APAC-01,DHL Worldwide,2.0,in_transit,False
TX-F2A2C1D10BA6,ORD-88427A4F,2026-09-20T20:04:39.354855+00:00,CUST-43569,Enterprise,Japan,Platinum,SKU-ELE-607,Electronics,Accessories,392.34,3,1177.02,10.0,1059.32,87.39,0.0,0.1364,WH-EU-01,UPS Freight,3.6,delivered,False
TX-CADDBB14B163,ORD-4033896B,2026-08-04T05:45:39.354855+00:00,CUST-47585,Enterprise,Japan,Gold,SKU-IND-243,Industrial,Pneumatics,2729.34,1,2729.34,0.0,2729.34,225.17,0.0,0.2144,WH-WEST-02,Amazon Logistics,5.4,delivered,False
TX-76464C8082F7,ORD-0BA4AEF1,2026-09-15T20:10:39.354855+00:00,CUST-92925,Enterprise,Japan,Bronze,SKU-HOM-153,Home & Office,Lighting,57.58,1,57.58,0.0,57.58,4.75,25.73,0.3249,WH-EU-01,UPS Freight,1.7,delivered,False
TX-A7B45CDF6C72,ORD-B75DDD58,2026-07-17T05:05:39.354855+00:00,CUST-42732,Enterprise,Japan,Bronze,SKU-AUT-171,Automotive,Batteries,313.12,2,626.24,0.0,626.24,51.66,0.0,0.2048,WH-WEST-02,UPS Freight,2.8,returned,False
TX-4110C4BC4FE5,ORD-F5CFB53D,2026-09-17T01:29:39.354855+00:00,CUST-26332,Enterprise,Singapore,Platinum,SKU-APP-394,Apparel,Footwear,140.06,1,140.06,25.0,105.05,8.67,19.75,0.172,WH-EAST-01,DHL Worldwide,2.3,delivered,False
TX-691F96B541C8,ORD-A62A20EA,2026-08-03T23:47:39.354855+00:00,CUST-56301,Consumer,France,Platinum,SKU-AUT-184,Automotive,Diagnostics,632.39,1,632.39,0.0,632.39,52.17,0.0,0.3274,WH-APAC-01,UPS Freight,4.2,delivered,False
TX-61E7C422F633,ORD-4C7837F5,2026-09-03T04:06:39.354855+00:00,CUST-1149,Consumer,Canada,Silver,SKU-IND-869,Industrial,Sensors,1714.63,2,3429.26,0.0,3429.26,282.91,0.0,0.196,WH-EAST-01,UPS Freight,5.0,in_transit,True
TX-DE2214B25D22,ORD-CF2274BA,2026-07-03T23:06:39.354855+00:00,CUST-6309,Corporate,Australia,Gold,SKU-APP-242,Apparel,Outerwear,305.12,1,305.12,10.0,274.61,22.66,0.0,0.1732,WH-EU-01,FedEx Express,2.3,delivered,False
TX-377FFABE8EE6,ORD-F7087E78,2026-09-07T04:19:39.354855+00:00,CUST-93795,Enterprise,Australia,Platinum,SKU-IND-416,Industrial,Pneumatics,2430.96,3,7292.88,15.0,6198.95,511.41,0.0,0.3079,WH-APAC-01,UPS Freight,2.9,pending,False
TX-C70C93E08B13,ORD-1F07FBF5,2026-08-21T19:11:39.354855+00:00,CUST-46954,Corporate,Germany,Bronze,SKU-ELE-513,Electronics,Laptops,622.77,1,622.77,0.0,622.77,51.38,0.0,0.3798,WH-EU-01,Amazon Logistics,6.6,pending,True
TX-E4FB9C6DF625,ORD-2ADE5238,2026-09-13T13:57:39.354855+00:00,CUST-53494,Small Business,Singapore,Silver,SKU-ELE-277,Electronics,Smartphones,1496.8,1,1496.8,5.0,1421.96,117.31,0.0,0.2789,WH-CENTRAL-03,FedEx Express,5.2,delivered,False
TX-1B7F1C9BD9C6,ORD-DCB15A95,2026-09-10T13:13:39.354855+00:00,CUST-69342,Consumer,USA,Platinum,SKU-IND-810,Industrial,Motors,2618.96,1,2618.96,5.0,2488.01,205.26,0.0,0.3894,WH-APAC-01,UPS Freight,4.2,delivered,False
TX-B5703EA5EDB8,ORD-B7E73846,2026-07-31T11:13:39.354855+00:00,CUST-7985,Corporate,Germany,Bronze,SKU-APP-985,Apparel,Outerwear,343.88,1,343.88,5.0,326.69,26.95,0.0,0.171,WH-EU-01,FedEx Express,2.3,delivered,False
TX-52585DBA283C,ORD-94B4B957,2026-08-01T17:37:39.354855+00:00,CUST-15069,Consumer,USA,Gold,SKU-APP-980,Apparel,Outerwear,115.06,25,2876.5,0.0,2876.5,237.31,0.0,0.1823,WH-EAST-01,Amazon Logistics,5.1,delivered,False
TX-4CCB297D6A88,ORD-CBD3BD55,2026-09-25T20:36:39.354855+00:00,CUST-26309,Small Business,France,Platinum,SKU-ELE-931,Electronics,Displays,1663.1,1,1663.1,10.0,1496.79,123.49,0.0,0.304,WH-EAST-01,Amazon Logistics,0.8,delivered,False
TX-00F87163DEF6,ORD-5EB81448,2026-09-04T19:33:39.354855+00:00,CUST-17061,Consumer,USA,Silver,SKU-APP-952,Apparel,Sportswear,36.14,1,36.14,5.0,34.33,2.83,25.75,0.3526,WH-CENTRAL-03,UPS Freight,4.0,delivered,False
TX-1F9CE229203B,ORD-0C36E852,2026-08-24T23:39:39.354855+00:00,CUST-19144,Small Business,Singapore,Gold,SKU-HOM-740,Home & Office,Storage,219.0,3,657.0,15.0,558.45,46.07,0.0,0.2676,WH-APAC-01,FedEx Express,5.4,cancelled,False
TX-833AD6A79ECD,ORD-381C05F5,2026-08-02T06:56:39.354855+00:00,CUST-93105,Consumer,Singapore,Platinum,SKU-IND-777,Industrial,Hydraulics,2227.57,1,2227.57,10.0,2004.81,165.4,0.0,0.3543,WH-EU-01,DHL Worldwide,5.1,delivered,False
TX-F19C9B08CB4F,ORD-A1A1439A,2026-08-10T13:32:39.354855+00:00,CUST-18458,Small Business,Singapore,Bronze,SKU-IND-497,Industrial,Motors,1093.86,3,3281.58,0.0,3281.58,270.73,0.0,0.1698,WH-EAST-01,UPS Freight,6.2,in_transit,True
TX-9DB196D41FAE,ORD-DB3BC544,2026-08-03T06:02:39.354855+00:00,CUST-56014,Consumer,France,Silver,SKU-ELE-930,Electronics,Audio,1479.71,1,1479.71,5.0,1405.72,115.97,0.0,0.1998,WH-WEST-02,Amazon Logistics,2.2,delivered,False
TX-A84BCDD97810,ORD-34299AED,2026-09-11T15:42:39.354855+00:00,CUST-65900,Enterprise,USA,Bronze,SKU-HOM-369,Home & Office,Furniture,304.5,1,304.5,5.0,289.27,23.86,0.0,0.3085,WH-CENTRAL-03,Amazon Logistics,1.9,returned,False
TX-87E8C4A80129,ORD-E2DE40D8,2026-08-29T15:25:39.354855+00:00,CUST-36005,Enterprise,Canada,Platinum,SKU-ELE-179,Electronics,Laptops,1614.32,3,4842.96,10.0,4358.66,359.59,0.0,0.4624,WH-EAST-01,UPS Freight,6.1,delivered,True
TX-22DEB5986A4F,ORD-1A31ACBF,2026-08-18T22:12:39.354855+00:00,CUST-43166,Enterprise,Singapore,Bronze,SKU-ELE-798,Electronics,Displays,1622.33,5,8111.65,10.0,7300.48,602.29,0.0,0.3619,WH-CENTRAL-03,Amazon Logistics,4.8,pending,False
TX-6D629E4A025D,ORD-0D058161,2026-08-28T08:22:39.354855+00:00,CUST-39583,Enterprise,Canada,Gold,SKU-ELE-372,Electronics,Accessories,1283.04,1,1283.04,0.0,1283.04,105.85,0.0,0.4192,WH-EU-01,FedEx Express,3.1,delivered,False
TX-F73F330E56C3,ORD-A45791F0,2026-08-29T21:36:39.354855+00:00,CUST-25449,Corporate,Singapore,Gold,SKU-APP-661,Apparel,Sportswear,300.32,1,300.32,15.0,255.27,21.06,0.0,0.3571,WH-EU-01,DHL Worldwide,4.5,delivered,False
TX-E70E530DA9D4,ORD-3F5ED716,2026-08-08T20:34:39.354855+00:00,CUST-14451,Small Business,USA,Platinum,SKU-APP-859,Apparel,Sportswear,166.86,1,166.86,0.0,166.86,13.77,22.5,0.2734,WH-CENTRAL-03,UPS Freight,5.2,in_transit,True
TX-CFEECC8BD824,ORD-AF351BFF,2026-07-12T09:36:39.354855+00:00,CUST-15234,Corporate,USA,Silver,SKU-ELE-890,Electronics,Audio,1744.01,10,17440.1,5.0,16568.09,1366.87,0.0,0.253,WH-APAC-01,DHL Worldwide,5.5,delivered,False
TX-DF8C803B645F,ORD-0446B64C,2026-08-20T08:10:39.354855+00:00,CUST-33707,Enterprise,USA,Silver,SKU-HOM-902,Home & Office,Furniture,119.31,1,119.31,0.0,119.31,9.84,20.31,0.2149,WH-APAC-01,Amazon Logistics,2.4,delivered,False
TX-B6DB8FE95FFA,ORD-B02A1C25,2026-09-08T11:46:39.354855+00:00,CUST-18863,Small Business,Australia,Silver,SKU-AUT-171,Automotive,Lighting,171.81,1,171.81,0.0,171.81,14.17,28.01,0.4121,WH-APAC-01,DHL Worldwide,4.2,cancelled,False
TX-5FAB37209204,ORD-07B40F6A,2026-08-22T19:07:39.354855+00:00,CUST-63020,Enterprise,Australia,Silver,SKU-APP-155,Apparel,Footwear,204.92,2,409.84,5.0,389.35,32.12,0.0,0.2143,WH-WEST-02,DHL Worldwide,5.2,delivered,False
TX-68E93ED7B6DC,ORD-EF9F1BA5,2026-09-18T18:21:39.354855+00:00,CUST-26039,Corporate,France,Silver,SKU-HOM-606,Home & Office,Lighting,303.91,1,303.91,10.0,273.52,22.57,0.0,0.4736,WH-EU-01,UPS Freight,4.0,delivered,False
TX-A38F3ECF396C,ORD-A11352D9,2026-07-19T10:15:39.354855+00:00,CUST-55125,Small Business,Singapore,Platinum,SKU-APP-789,Apparel,Footwear,68.07,1,68.07,15.0,57.86,4.77,33.76,0.1858,WH-APAC-01,DHL Worldwide,3.9,in_transit,False
TX-9CE756C59363,ORD-661792B2,2026-08-15T08:08:39.354855+00:00,CUST-38082,Small Business,Canada,Bronze,SKU-HOM-802,Home & Office,Storage,318.95,1,318.95,10.0,287.06,23.68,0.0,0.1922,WH-WEST-02,Amazon Logistics,1.5,delivered,False
TX-63C58DAAD90A,ORD-8E95955F,2026-08-29T08:05:39.354855+00:00,CUST-99803,Consumer,France,Silver,SKU-ELE-328,Electronics,Displays,649.94,5,3249.7,0.0,3249.7,268.1,0.0,0.1899,WH-EU-01,DHL Worldwide,7.1,delivered,True
TX-76B6097EDACF,ORD-689D3542,2026-07-25T21:25:39.354855+00:00,CUST-12610,Enterprise,Australia,Gold,SKU-APP-631,Apparel,Footwear,262.92,1,262.92,5.0,249.77,20.61,17.65,0.4662,WH-WEST-02,DHL Worldwide,5.2,delivered,False
TX-A162907A9C58,ORD-12E7CBCA,2026-08-13T17:49:39.354855+00:00,CUST-5297,Corporate,USA,Silver,SKU-ELE-373,Electronics,Audio,1325.74,1,1325.74,5.0,1259.45,103.9,0.0,0.1655,WH-EAST-01,Amazon Logistics,1.4,in_transit,False
TX-5B780843C08B,ORD-3454BFAE,2026-09-08T14:25:39.354855+00:00,CUST-56490,Corporate,Singapore,Bronze,SKU-IND-231,Industrial,Fasteners,1113.51,25,27837.75,0.0,27837.75,2296.61,0.0,0.3396,WH-APAC-01,DHL Worldwide,1.0,delivered,False
TX-2DCBAF562AD6,ORD-E16A3859,2026-07-06T02:07:39.354855+00:00,CUST-32830,Enterprise,United Kingdom,Silver,SKU-HOM-235,Home & Office,Ergonomics,193.06,1,193.06,0.0,193.06,15.93,18.03,0.2618,WH-EAST-01,UPS Freight,6.1,delivered,True
TX-70DBB91180DB,ORD-402770BF,2026-09-03T06:42:39.354855+00:00,CUST-43021,Enterprise,France,Bronze,SKU-IND-840,Industrial,Hydraulics,2226.79,2,4453.58,15.0,3785.54,312.31,0.0,0.2017,WH-CENTRAL-03,FedEx Express,2.1,delivered,False
TX-E5CB8171ED71,ORD-EC2DD998,2026-09-06T13:05:39.354855+00:00,CUST-52074,Enterprise,France,Bronze,SKU-APP-915,Apparel,Workwear,296.41,1,296.41,5.0,281.59,23.23,0.0,0.4691,WH-EU-01,Amazon Logistics,9.3,delivered,True
TX-C2FA0B59C11A,ORD-3D0129F6,2026-08-18T05:39:39.354855+00:00,CUST-80426,Consumer,Canada,Platinum,SKU-APP-473,Apparel,Sportswear,278.14,1,278.14,10.0,250.33,20.65,0.0,0.3553,WH-EU-01,DHL Worldwide,2.0,in_transit,False
TX-ACE2386F6618,ORD-42F5AEF2,2026-08-02T02:39:39.354855+00:00,CUST-72915,Corporate,Japan,Platinum,SKU-HOM-996,Home & Office,Furniture,221.63,2,443.26,0.0,443.26,36.57,0.0,0.4261,WH-EU-01,Amazon Logistics,4.2,delivered,False
TX-48798EE082DC,ORD-8D574745,2026-08-13T10:00:39.354855+00:00,CUST-83886,Consumer,Singapore,Bronze,SKU-HOM-191,Home & Office,Storage,60.88,1,60.88,0.0,60.88,5.02,18.63,0.1998,WH-EAST-01,DHL Worldwide,1.2,delivered,False
TX-F3BA3DD6A88D,ORD-8CAE7F1B,2026-07-16T05:41:39.354855+00:00,CUST-10592,Consumer,Canada,Silver,SKU-APP-648,Apparel,Outerwear,76.77,1,76.77,5.0,72.93,6.02,17.26,0.39,WH-EAST-01,UPS Freight,2.6,returned,False
TX-5D71224BFFBD,ORD-7D57CB84,2026-07-04T07:22:39.354855+00:00,CUST-20795,Small Business,Singapore,Silver,SKU-HOM-278,Home & Office,Storage,343.85,1,343.85,0.0,343.85,28.37,0.0,0.2224,WH-CENTRAL-03,DHL Worldwide,3.8,delivered,False
TX-6ADD027F397C,ORD-59FD8819,2026-09-18T07:08:39.354855+00:00,CUST-7260,Consumer,Japan,Gold,SKU-APP-856,Apparel,Footwear,246.18,2,492.36,5.0,467.74,38.59,0.0,0.4178,WH-EAST-01,Amazon Logistics,5.5,delivered,False
TX-5DF27D17FADB,ORD-E4D6A7EB,2026-07-21T00:49:39.354855+00:00,CUST-36059,Corporate,USA,Bronze,SKU-IND-875,Industrial,Fasteners,3012.42,1,3012.42,0.0,3012.42,248.52,0.0,0.2195,WH-EU-01,FedEx Express,3.1,in_transit,False
TX-F01FB4A89ECE,ORD-9A75ADBF,2026-08-10T10:58:39.354855+00:00,CUST-82455,Enterprise,Canada,Gold,SKU-IND-125,Industrial,Fasteners,2394.55,1,2394.55,0.0,2394.55,197.55,0.0,0.4294,WH-EU-01,DHL Worldwide,3.5,delivered,False
TX-B4C73492AE50,ORD-2174D2BB,2026-07-10T12:16:39.354855+00:00,CUST-29442,Small Business,Canada,Platinum,SKU-IND-962,Industrial,Motors,2024.79,2,4049.58,0.0,4049.58,334.09,0.0,0.2231,WH-CENTRAL-03,UPS Freight,2.1,delivered,False
TX-4BA34B3471B7,ORD-E10AF63D,2026-09-10T04:17:39.354855+00:00,CUST-91202,Consumer,United Kingdom,Silver,SKU-AUT-333,Automotive,Brakes,717.73,1,717.73,5.0,681.84,56.25,0.0,0.1468,WH-EU-01,FedEx Express,4.8,in_transit,True
TX-04498E12FB87,ORD-2B1216E2,2026-07-15T08:41:39.354855+00:00,CUST-22523,Small Business,USA,Silver,SKU-HOM-437,Home & Office,Furniture,270.15,5,1350.75,0.0,1350.75,111.44,0.0,0.4022,WH-APAC-01,DHL Worldwide,4.5,delivered,False
TX-74EC590B5D05,ORD-40E6319E,2026-07-27T04:46:39.354855+00:00,CUST-73120,Corporate,Canada,Bronze,SKU-ELE-947,Electronics,Smartphones,1463.72,2,2927.44,0.0,2927.44,241.51,0.0,0.12,WH-WEST-02,Amazon Logistics,3.1,in_transit,False
TX-21BB1C8539CF,ORD-F8AA8269,2026-07-30T02:40:39.354855+00:00,CUST-63378,Small Business,Germany,Platinum,SKU-APP-361,Apparel,Footwear,305.31,1,305.31,0.0,305.31,25.19,0.0,0.3809,WH-APAC-01,FedEx Express,3.6,delivered,False
TX-0BFE7A8EF3C8,ORD-6DF5506C,2026-08-03T07:27:39.354855+00:00,CUST-30234,Consumer,Germany,Gold,SKU-APP-193,Apparel,Footwear,125.48,1,125.48,0.0,125.48,10.35,24.26,0.2958,WH-EU-01,DHL Worldwide,4.3,delivered,False
TX-1A9F9BC96A26,ORD-FE254FC7,2026-09-16T03:41:39.354855+00:00,CUST-13685,Consumer,Canada,Silver,SKU-APP-530,Apparel,Workwear,305.64,1,305.64,15.0,259.79,21.43,0.0,0.4144,WH-WEST-02,FedEx Express,3.2,in_transit,False
TX-58C6E9B8BFBB,ORD-E03CFBA6,2026-08-15T15:48:39.354855+00:00,CUST-11856,Enterprise,USA,Bronze,SKU-IND-962,Industrial,Pneumatics,2939.04,1,2939.04,0.0,2939.04,242.47,0.0,0.2488,WH-EU-01,FedEx Express,3.6,delivered,False
TX-489A0F8B6394,ORD-479B8C19,2026-07-09T15:57:39.354855+00:00,CUST-75380,Corporate,USA,Platinum,SKU-ELE-542,Electronics,Smartphones,1578.65,2,3157.3,0.0,3157.3,260.48,0.0,0.4732,WH-WEST-02,Amazon Logistics,4.1,delivered,False
TX-DBE000D40774,ORD-1D489F84,2026-09-29T17:53:39.354855+00:00,CUST-61630,Consumer,United Kingdom,Bronze,SKU-HOM-675,Home & Office,Ergonomics,240.45,1,240.45,0.0,240.45,19.84,23.27,0.4165,WH-EAST-01,UPS Freight,4.1,cancelled,False
TX-DCE9CFFB2D90,ORD-C72D330B,2026-07-03T23:44:39.354855+00:00,CUST-93919,Enterprise,Australia,Platinum,SKU-ELE-815,Electronics,Laptops,983.53,1,983.53,5.0,934.35,77.08,0.0,0.2968,WH-EU-01,UPS Freight,2.8,delivered,False
TX-8A2151CC7DE2,ORD-6B059F48,2026-07-24T03:03:39.354855+00:00,CUST-68691,Consumer,USA,Gold,SKU-ELE-958,Electronics,Accessories,363.79,1,363.79,10.0,327.41,27.01,0.0,0.2047,WH-EAST-01,FedEx Express,3.6,delivered,False
TX-9A94141B6D3C,ORD-1C566A39,2026-07-17T02:54:39.354855+00:00,CUST-31250,Small Business,Germany,Silver,SKU-IND-602,Industrial,Motors,1981.73,1,1981.73,0.0,1981.73,163.49,0.0,0.2216,WH-CENTRAL-03,DHL Worldwide,3.2,delivered,False
TX-B56EB548A94C,ORD-D6A49B0C,2026-10-01T00:30:39.354855+00:00,CUST-73385,Enterprise,Singapore,Platinum,SKU-ELE-595,Electronics,Laptops,873.88,1,873.88,25.0,655.41,54.07,0.0,0.1325,WH-EU-01,Amazon Logistics,5.6,in_transit,True
TX-8DB1A7C67D7B,ORD-72C68CC7,2026-08-15T08:23:39.354855+00:00,CUST-93775,Enterprise,Australia,Bronze,SKU-AUT-686,Automotive,Batteries,192.19,1,192.19,10.0,172.97,14.27,15.57,0.1378,WH-APAC-01,UPS Freight,3.5,pending,False
TX-F5EE4ABEF48B,ORD-451708D8,2026-09-21T14:11:39.354855+00:00,CUST-47844,Corporate,Canada,Bronze,SKU-IND-801,Industrial,Motors,1045.05,3,3135.15,40.0,1881.09,155.19,0.0,0.2212,WH-APAC-01,UPS Freight,5.5,cancelled,False
TX-D24E460A7D94,ORD-D3F172D9,2026-08-03T00:49:39.354855+00:00,CUST-79431,Corporate,Japan,Platinum,SKU-ELE-638,Electronics,Displays,1681.61,1,1681.61,0.0,1681.61,138.73,0.0,0.3736,WH-WEST-02,FedEx Express,1.1,returned,False
TX-767BD36BEFED,ORD-AA806258,2026-08-01T00:48:39.354855+00:00,CUST-78319,Enterprise,Japan,Gold,SKU-IND-758,Industrial,Pneumatics,2933.52,2,5867.04,10.0,5280.34,435.63,0.0,0.1417,WH-CENTRAL-03,DHL Worldwide,3.7,delivered,False
TX-BCC582DFAF52,ORD-CF0291D8,2026-09-08T01:11:39.354855+00:00,CUST-39578,Consumer,Canada,Bronze,SKU-APP-368,Apparel,Workwear,252.27,2,504.54,0.0,504.54,41.62,0.0,0.2832,WH-CENTRAL-03,FedEx Express,3.8,delivered,False
TX-6E276275C097,ORD-A4A4A5B7,2026-09-21T18:53:39.354855+00:00,CUST-96973,Small Business,USA,Platinum,SKU-AUT-101,Automotive,Diagnostics,432.66,1,432.66,0.0,432.66,35.69,0.0,0.1942,WH-WEST-02,Amazon Logistics,3.0,pending,False
TX-D5F560349B1B,ORD-81B46BF6,2026-07-17T23:54:39.354855+00:00,CUST-70934,Consumer,United Kingdom,Silver,SKU-HOM-453,Home & Office,Furniture,159.3,1,159.3,5.0,151.34,12.49,19.96,0.3564,WH-CENTRAL-03,UPS Freight,4.5,delivered,False
TX-4C662F252CEF,ORD-DE9123C1,2026-07-13T11:21:39.354855+00:00,CUST-83184,Enterprise,USA,Platinum,SKU-AUT-874,Automotive,Brakes,722.04,2,1444.08,0.0,1444.08,119.14,0.0,0.2244,WH-WEST-02,DHL Worldwide,4.5,delivered,False
TX-72E3BA25DA81,ORD-785A3F27,2026-09-29T20:29:39.354855+00:00,CUST-35637,Enterprise,United Kingdom,Gold,SKU-ELE-481,Electronics,Smartphones,1035.76,1,1035.76,25.0,776.82,64.09,0.0,0.2178,WH-EAST-01,Amazon Logistics,5.6,delivered,True
TX-4CBCAF5902A2,ORD-B632EA5E,2026-08-31T06:48:39.354855+00:00,CUST-42246,Small Business,USA,Bronze,SKU-HOM-522,Home & Office,Ergonomics,191.62,3,574.86,0.0,574.86,47.43,0.0,0.172,WH-EU-01,DHL Worldwide,1.2,delivered,False
TX-4005B11FE12F,ORD-68B97C91,2026-07-10T20:28:39.354855+00:00,CUST-70130,Small Business,Singapore,Silver,SKU-AUT-317,Automotive,Diagnostics,637.67,2,1275.34,0.0,1275.34,105.22,0.0,0.1931,WH-CENTRAL-03,DHL Worldwide,5.4,cancelled,False
TX-E301EB5E01C8,ORD-D90A97FE,2026-07-29T15:04:39.354855+00:00,CUST-62377,Small Business,France,Gold,SKU-HOM-256,Home & Office,Lighting,31.44,1,31.44,0.0,31.44,2.59,18.4,0.4356,WH-EAST-01,DHL Worldwide,0.5,pending,False
TX-59991632D212,ORD-5A998443,2026-09-23T12:05:39.354855+00:00,CUST-9302,Corporate,Australia,Silver,SKU-HOM-995,Home & Office,Ergonomics,52.49,1,52.49,5.0,49.87,4.11,22.3,0.1683,WH-WEST-02,UPS Freight,3.9,delivered,False
TX-388997EF9927,ORD-41EC85D3,2026-08-26T15:17:39.354855+00:00,CUST-87114,Consumer,Germany,Silver,SKU-HOM-211,Home & Office,Lighting,130.27,5,651.35,0.0,651.35,53.74,0.0,0.4163,WH-CENTRAL-03,UPS Freight,4.0,delivered,False
TX-D6536175697E,ORD-5F65EF1D,2026-08-03T20:16:39.354855+00:00,CUST-31290,Enterprise,United Kingdom,Gold,SKU-AUT-649,Automotive,Diagnostics,386.74,1,386.74,0.0,386.74,31.91,0.0,0.289,WH-WEST-02,UPS Freight,1.9,delivered,False
TX-3A83F27B649E,ORD-C177319B,2026-08-23T12:23:39.354855+00:00,CUST-23503,Enterprise,United Kingdom,Gold,SKU-HOM-325,Home & Office,Ergonomics,132.66,1,132.66,10.0,119.39,9.85,9.82,0.166,WH-APAC-01,Amazon Logistics,3.3,delivered,False
TX-903A12550C4F,ORD-C502371C,2026-09-13T05:52:39.354855+00:00,CUST-62557,Small Business,Singapore,Bronze,SKU-IND-894,Industrial,Motors,1609.73,2,3219.46,10.0,2897.51,239.04,0.0,0.3737,WH-APAC-01,UPS Freight,5.4,delivered,False
TX-878BC8B9841D,ORD-A7FA7AE9,2026-09-20T22:37:39.354855+00:00,CUST-32811,Enterprise,United Kingdom,Bronze,SKU-ELE-451,Electronics,Laptops,507.48,2,1014.96,5.0,964.21,79.55,0.0,0.3296,WH-WEST-02,FedEx Express,3.9,returned,False
TX-AC1AEE8F120E,ORD-4C853E36,2026-07-28T15:46:39.354855+00:00,CUST-12956,Corporate,Singapore,Platinum,SKU-HOM-801,Home & Office,Lighting,330.21,2,660.42,10.0,594.38,49.04,0.0,0.2974,WH-APAC-01,UPS Freight,0.8,delivered,False
TX-D214D1436223,ORD-81346474,2026-09-03T06:41:39.354855+00:00,CUST-25050,Enterprise,France,Bronze,SKU-AUT-494,Automotive,Diagnostics,475.17,25,11879.25,5.0,11285.29,931.04,0.0,0.3118,WH-CENTRAL-03,FedEx Express,3.3,delivered,False
TX-69A420F0DA74,ORD-D8038747,2026-09-13T04:12:39.354855+00:00,CUST-64022,Enterprise,United Kingdom,Gold,SKU-HOM-828,Home & Office,Lighting,341.65,1,341.65,5.0,324.57,26.78,0.0,0.4786,WH-APAC-01,UPS Freight,1.8,delivered,False
TX-6012979BBA21,ORD-AE91D875,2026-07-26T21:15:39.354855+00:00,CUST-18637,Small Business,France,Silver,SKU-HOM-908,Home & Office,Ergonomics,345.69,5,1728.45,10.0,1555.61,128.34,0.0,0.1622,WH-CENTRAL-03,FedEx Express,5.8,returned,True
TX-A2A3DDBF189C,ORD-30393A5F,2026-08-02T00:52:39.354855+00:00,CUST-47651,Small Business,Singapore,Platinum,SKU-ELE-285,Electronics,Displays,674.85,2,1349.7,5.0,1282.21,105.78,0.0,0.4636,WH-EAST-01,FedEx Express,1.9,delivered,False
TX-C1E2684F0279,ORD-41D25EB7,2026-07-09T07:50:39.354855+00:00,CUST-51808,Consumer,Singapore,Bronze,SKU-ELE-296,Electronics,Displays,1166.25,1,1166.25,10.0,1049.62,86.59,0.0,0.3149,WH-APAC-01,FedEx Express,4.6,delivered,False
TX-2C2E4A11A083,ORD-00A69B30,2026-09-03T10:12:39.354855+00:00,CUST-83357,Corporate,United Kingdom,Gold,SKU-HOM-822,Home & Office,Lighting,204.71,1,204.71,0.0,204.71,16.89,28.62,0.3469,WH-EAST-01,UPS Freight,7.2,cancelled,True
TX-7C86DC3B3B6D,ORD-1D40237F,2026-07-06T10:52:39.354855+00:00,CUST-43206,Small Business,Canada,Bronze,SKU-ELE-538,Electronics,Audio,1361.88,2,2723.76,5.0,2587.57,213.47,0.0,0.2351,WH-WEST-02,FedEx Express,0.5,delivered,False
TX-AADE20BF94C5,ORD-375F8418,2026-08-17T04:52:39.354855+00:00,CUST-74849,Small Business,France,Gold,SKU-HOM-689,Home & Office,Furniture,183.46,1,183.46,15.0,155.94,12.87,17.7,0.3383,WH-WEST-02,UPS Freight,4.6,delivered,False
TX-1BB8E1FCBACE,ORD-6B3386D1,2026-08-07T23:22:39.354855+00:00,CUST-90522,Consumer,United Kingdom,Platinum,SKU-IND-752,Industrial,Hydraulics,2611.61,1,2611.61,25.0,1958.71,161.59,0.0,0.4676,WH-APAC-01,FedEx Express,2.7,delivered,False
TX-184A1962A6BC,ORD-485CF439,2026-09-07T06:46:39.354855+00:00,CUST-85131,Enterprise,Germany,Bronze,SKU-HOM-122,Home & Office,Furniture,282.53,1,282.53,10.0,254.28,20.98,0.0,0.2335,WH-EU-01,Amazon Logistics,5.4,delivered,False
TX-5C3BF7FF8C8A,ORD-47470258,2026-09-15T20:34:39.354855+00:00,CUST-18061,Corporate,France,Silver,SKU-AUT-300,Automotive,Lighting,400.91,1,400.91,5.0,380.86,31.42,0.0,0.1825,WH-EU-01,UPS Freight,7.1,delivered,True
TX-9098D346E8EB,ORD-1C9FE8A7,2026-09-09T20:35:39.354855+00:00,CUST-42532,Small Business,United Kingdom,Silver,SKU-APP-994,Apparel,Workwear,51.86,1,51.86,0.0,51.86,4.28,18.66,0.212,WH-EU-01,FedEx Express,3.8,delivered,False
TX-C8BD7DFD0841,ORD-05E202D2,2026-09-19T02:03:39.354855+00:00,CUST-80974,Small Business,USA,Gold,SKU-AUT-494,Automotive,Batteries,611.96,3,1835.88,10.0,1652.29,136.31,0.0,0.2686,WH-EAST-01,UPS Freight,1.8,delivered,False
TX-E17049835F49,ORD-40278D84,2026-07-18T09:08:39.354855+00:00,CUST-23750,Enterprise,Singapore,Platinum,SKU-IND-841,Industrial,Hydraulics,2989.15,1,2989.15,25.0,2241.86,184.95,0.0,0.3962,WH-CENTRAL-03,Amazon Logistics,1.2,returned,False
TX-11764C5191DC,ORD-DE766CC3,2026-07-25T11:26:39.354855+00:00,CUST-79107,Consumer,Germany,Platinum,SKU-IND-861,Industrial,Sensors,1722.98,2,3445.96,0.0,3445.96,284.29,0.0,0.4727,WH-APAC-01,FedEx Express,3.1,delivered,False
TX-729DFD8F6354,ORD-002D02DE,2026-08-05T11:51:39.354855+00:00,CUST-50044,Small Business,United Kingdom,Bronze,SKU-ELE-768,Electronics,Smartphones,262.11,3,786.33,40.0,471.8,38.92,0.0,0.1448,WH-EAST-01,DHL Worldwide,4.9,delivered,False
TX-8800E5CF516E,ORD-CEA925EC,2026-08-27T10:08:39.354855+00:00,CUST-12461,Corporate,France,Platinum,SKU-HOM-274,Home & Office,Storage,95.25,1,95.25,0.0,95.25,7.86,9.16,0.3863,WH-WEST-02,Amazon Logistics,5.3,in_transit,True
TX-CE1615A33B9E,ORD-0341CE22,2026-08-02T21:04:39.354855+00:00,CUST-87859,Enterprise,Canada,Silver,SKU-APP-970,Apparel,Sportswear,183.33,1,183.33,10.0,165.0,13.61,24.91,0.2126,WH-EAST-01,FedEx Express,4.9,in_transit,True
TX-500A5D60DB7B,ORD-F38DD532,2026-07-18T13:00:39.354855+00:00,CUST-41593,Enterprise,Australia,Gold,SKU-IND-876,Industrial,Hydraulics,1504.69,1,1504.69,0.0,1504.69,124.14,0.0,0.39,WH-CENTRAL-03,FedEx Express,4.5,delivered,False
TX-4D10F471F453,ORD-CCA21F8F,2026-09-20T05:40:39.354855+00:00,CUST-78384,Consumer,Japan,Bronze,SKU-AUT-300,Automotive,Lighting,520.66,1,520.66,0.0,520.66,42.95,0.0,0.4419,WH-APAC-01,UPS Freight,2.4,delivered,False
TX-6B85B96A69B1,ORD-54887F7B,2026-08-29T01:36:39.354855+00:00,CUST-13658,Enterprise,United Kingdom,Gold,SKU-HOM-642,Home & Office,Ergonomics,322.21,1,322.21,5.0,306.1,25.25,0.0,0.4287,WH-APAC-01,UPS Freight,5.1,delivered,False
TX-3D852B0704CA,ORD-E774F306,2026-09-03T16:32:39.354855+00:00,CUST-7449,Corporate,Canada,Bronze,SKU-HOM-666,Home & Office,Storage,71.72,2,143.44,5.0,136.27,11.24,30.42,0.4619,WH-APAC-01,DHL Worldwide,2.2,delivered,False
TX-2CC621BD2A6F,ORD-BF61ADED,2026-09-06T18:48:39.354855+00:00,CUST-63480,Enterprise,Canada,Gold,SKU-IND-153,Industrial,Motors,2591.27,2,5182.54,15.0,4405.16,363.43,0.0,0.2548,WH-APAC-01,FedEx Express,2.2,delivered,False
TX-540E7E8705B3,ORD-268117C6,2026-09-28T13:58:39.354855+00:00,CUST-1933,Corporate,Singapore,Silver,SKU-APP-375,Apparel,Footwear,306.71,1,306.71,0.0,306.71,25.3,0.0,0.3223,WH-APAC-01,UPS Freight,3.2,delivered,False
TX-1EBBF29A74A2,ORD-FE15CA1E,2026-09-16T09:21:39.354855+00:00,CUST-83583,Corporate,Canada,Silver,SKU-APP-204,Apparel,Outerwear,264.22,2,528.44,0.0,528.44,43.6,0.0,0.2134,WH-CENTRAL-03,Amazon Logistics,2.6,delivered,False
TX-00C69613C3CF,ORD-D007A01E,2026-08-21T09:39:39.354855+00:00,CUST-37408,Corporate,Japan,Silver,SKU-IND-619,Industrial,Motors,2896.79,3,8690.37,5.0,8255.85,681.11,0.0,0.3704,WH-WEST-02,DHL Worldwide,4.6,delivered,False
TX-8CF45D383293,ORD-5D0F3C48,2026-08-28T05:08:39.354855+00:00,CUST-4945,Corporate,United Kingdom,Bronze,SKU-IND-862,Industrial,Hydraulics,2482.46,2,4964.92,10.0,4468.43,368.65,0.0,0.3038,WH-CENTRAL-03,FedEx Express,2.2,delivered,False
TX-90CD1F5E5BF2,ORD-98AA3504,2026-08-29T21:10:39.354855+00:00,CUST-81256,Enterprise,Canada,Silver,SKU-APP-438,Apparel,Outerwear,21.36,1,21.36,0.0,21.36,1.76,34.48,0.1808,WH-WEST-02,Amazon Logistics,1.4,delivered,False
TX-D116A3BE9579,ORD-6F480FE2,2026-09-14T07:23:39.354855+00:00,CUST-23639,Corporate,France,Silver,SKU-HOM-279,Home & Office,Lighting,52.29,5,261.45,5.0,248.38,20.49,13.8,0.2884,WH-WEST-02,UPS Freight,2.7,delivered,False
TX-AD5440A06E17,ORD-2A825821,2026-08-05T06:32:39.354855+00:00,CUST-95983,Consumer,United Kingdom,Silver,SKU-AUT-693,Automotive,Brakes,563.12,2,1126.24,5.0,1069.93,88.27,0.0,0.4469,WH-APAC-01,UPS Freight,3.2,in_transit,False
TX-F05E76B9FDAA,ORD-F9697DC5,2026-08-26T16:39:39.354855+00:00,CUST-37475,Enterprise,Japan,Bronze,SKU-AUT-514,Automotive,Brakes,94.69,1,94.69,0.0,94.69,7.81,32.52,0.2981,WH-CENTRAL-03,Amazon Logistics,1.7,delivered,False
TX-89B7DC8B2A60,ORD-0E2589BC,2026-08-26T11:58:39.354855+00:00,CUST-14757,Enterprise,Japan,Bronze,SKU-HOM-452,Home & Office,Ergonomics,17.26,2,34.52,0.0,34.52,2.85,34.68,0.2775,WH-EU-01,Amazon Logistics,3.7,delivered,False
TX-2261466293C5,ORD-D7CED9EC,2026-07-17T13:16:39.354855+00:00,CUST-21246,Enterprise,Japan,Bronze,SKU-HOM-375,Home & Office,Lighting,50.46,2,100.92,10.0,90.83,7.49,25.14,0.1207,WH-CENTRAL-03,DHL Worldwide,6.1,delivered,True
TX-7510381A1821,ORD-1B2962A0,2026-09-08T08:39:39.354855+00:00,CUST-14733,Corporate,France,Gold,SKU-AUT-560,Automotive,Lighting,94.07,1,94.07,5.0,89.37,7.37,10.87,0.214,WH-EAST-01,DHL Worldwide,5.3,delivered,False
TX-90A1B65B569A,ORD-846A3C3F,2026-07-14T04:10:39.354855+00:00,CUST-7596,Small Business,Japan,Bronze,SKU-ELE-574,Electronics,Audio,1168.24,3,3504.72,25.0,2628.54,216.85,0.0,0.3767,WH-EAST-01,FedEx Express,4.7,delivered,False
TX-F76DABCCC1ED,ORD-D77FFFAE,2026-08-17T21:47:39.354855+00:00,CUST-1137,Consumer,France,Bronze,SKU-HOM-526,Home & Office,Furniture,291.97,1,291.97,0.0,291.97,24.09,0.0,0.4307,WH-EAST-01,FedEx Express,3.4,delivered,False
TX-1523FC80DC75,ORD-FD5517A3,2026-07-24T04:31:39.354855+00:00,CUST-55556,Corporate,France,Platinum,SKU-ELE-259,Electronics,Smartphones,704.88,3,2114.64,0.0,2114.64,174.46,0.0,0.4439,WH-EAST-01,UPS Freight,5.3,in_transit,True
TX-5DB43E2F8A83,ORD-6E30D69E,2026-08-16T18:05:39.354855+00:00,CUST-57049,Consumer,Japan,Silver,SKU-IND-112,Industrial,Motors,582.08,3,1746.24,0.0,1746.24,144.06,0.0,0.2699,WH-WEST-02,UPS Freight,5.7,delivered,True
TX-F47056E5CD97,ORD-FEEFE18A,2026-08-17T20:37:39.354855+00:00,CUST-15502,Enterprise,Japan,Gold,SKU-IND-481,Industrial,Motors,3106.87,2,6213.74,40.0,3728.24,307.58,0.0,0.4786,WH-WEST-02,Amazon Logistics,3.8,in_transit,False
TX-CA6062410FB1,ORD-79E41F16,2026-07-14T02:53:39.354855+00:00,CUST-32181,Corporate,Australia,Bronze,SKU-IND-800,Industrial,Pneumatics,1315.48,1,1315.48,0.0,1315.48,108.53,0.0,0.2225,WH-APAC-01,FedEx Express,4.5,delivered,False
TX-29A5A07B2C65,ORD-02822492,2026-08-19T18:40:39.354855+00:00,CUST-76446,Small Business,Australia,Silver,SKU-AUT-165,Automotive,Brakes,76.42,2,152.84,0.0,152.84,12.61,18.35,0.3184,WH-EAST-01,Amazon Logistics,3.1,returned,False
TX-B5409A566D7D,ORD-CFCD0A17,2026-09-17T06:47:39.354855+00:00,CUST-50637,Corporate,Australia,Gold,SKU-HOM-402,Home & Office,Ergonomics,337.42,1,337.42,25.0,253.06,20.88,0.0,0.3173,WH-EAST-01,DHL Worldwide,3.1,delivered,False
TX-744F2DC1AC6C,ORD-D321A7A4,2026-09-28T06:09:39.354855+00:00,CUST-24255,Enterprise,United Kingdom,Gold,SKU-IND-993,Industrial,Fasteners,1465.98,1,1465.98,5.0,1392.68,114.9,0.0,0.3693,WH-WEST-02,DHL Worldwide,4.7,delivered,False
TX-BDB9800C0C28,ORD-BC433BEB,2026-08-27T03:11:39.354855+00:00,CUST-13832,Consumer,United Kingdom,Silver,SKU-HOM-236,Home & Office,Storage,338.75,1,338.75,0.0,338.75,27.95,0.0,0.4746,WH-EU-01,Amazon Logistics,3.2,in_transit,False
TX-F73803FBC5CF,ORD-2EF16ABC,2026-07-24T09:23:39.354855+00:00,CUST-3096,Enterprise,Canada,Gold,SKU-IND-585,Industrial,Pneumatics,2652.61,1,2652.61,15.0,2254.72,186.01,0.0,0.1342,WH-WEST-02,UPS Freight,4.7,delivered,False
TX-481E0F5BE7A3,ORD-22E9699B,2026-09-01T22:46:39.354855+00:00,CUST-11124,Enterprise,Australia,Silver,SKU-IND-160,Industrial,Motors,3064.15,1,3064.15,10.0,2757.74,227.51,0.0,0.1432,WH-WEST-02,FedEx Express,4.5,delivered,False
TX-B57B8A891B1A,ORD-9132CF25,2026-09-19T00:19:39.354855+00:00,CUST-33445,Consumer,USA,Platinum,SKU-ELE-553,Electronics,Smartphones,232.16,2,464.32,5.0,441.1,36.39,0.0,0.3399,WH-APAC-01,Amazon Logistics,5.4,pending,False
TX-2D6C38062D95,ORD-4FF152B6,2026-08-29T00:56:39.354855+00:00,CUST-50263,Corporate,Canada,Platinum,SKU-HOM-497,Home & Office,Furniture,346.86,1,346.86,5.0,329.52,27.19,0.0,0.4675,WH-CENTRAL-03,DHL Worldwide,4.4,delivered,False
TX-E2C31B9FCCAB,ORD-C06AA223,2026-08-19T07:17:39.354855+00:00,CUST-83084,Consumer,United Kingdom,Silver,SKU-ELE-123,Electronics,Smartphones,1746.61,1,1746.61,0.0,1746.61,144.1,0.0,0.2743,WH-WEST-02,Amazon Logistics,4.2,delivered,False
TX-845053171C52,ORD-4A93087E,2026-08-13T19:22:39.354855+00:00,CUST-98312,Enterprise,Singapore,Gold,SKU-AUT-571,Automotive,Lighting,210.12,1,210.12,10.0,189.11,15.6,34.12,0.3512,WH-EAST-01,FedEx Express,1.9,cancelled,False
TX-4031B7144CC4,ORD-B4648E80,2026-08-02T15:46:39.354855+00:00,CUST-8799,Small Business,Japan,Gold,SKU-APP-901,Apparel,Footwear,159.85,1,159.85,5.0,151.86,12.53,32.87,0.4069,WH-CENTRAL-03,FedEx Express,2.5,delivered,False
TX-585819D4F631,ORD-E840C387,2026-07-10T18:45:39.354855+00:00,CUST-27416,Corporate,Singapore,Bronze,SKU-IND-682,Industrial,Hydraulics,1206.92,1,1206.92,10.0,1086.23,89.61,0.0,0.4088,WH-CENTRAL-03,DHL Worldwide,0.8,in_transit,False
TX-C6B385652677,ORD-1B3BE4E6,2026-09-25T07:07:39.354855+00:00,CUST-55824,Corporate,Singapore,Silver,SKU-IND-139,Industrial,Hydraulics,840.82,1,840.82,10.0,756.74,62.43,0.0,0.1298,WH-EAST-01,Amazon Logistics,3.0,delivered,False
TX-25811CF988E1,ORD-DE4D021A,2026-08-21T23:42:39.354855+00:00,CUST-91413,Small Business,Germany,Silver,SKU-ELE-786,Electronics,Smartphones,438.3,1,438.3,0.0,438.3,36.16,0.0,0.1876,WH-EAST-01,Amazon Logistics,1.5,delivered,False
TX-9FB35DE5B6A3,ORD-5BA6127B,2026-08-16T14:10:39.354855+00:00,CUST-39977,Small Business,USA,Bronze,SKU-IND-682,Industrial,Motors,1539.42,2,3078.84,0.0,3078.84,254.0,0.0,0.2149,WH-CENTRAL-03,FedEx Express,3.0,delivered,False
TX-C423FBBF5ADD,ORD-A4CCDD20,2026-08-22T20:33:39.354855+00:00,CUST-69940,Consumer,USA,Bronze,SKU-HOM-222,Home & Office,Ergonomics,278.48,1,278.48,15.0,236.71,19.53,19.37,0.4386,WH-APAC-01,FedEx Express,2.7,delivered,False
TX-43C3FDCB9F36,ORD-EB4B4F72,2026-09-07T07:59:39.354855+00:00,CUST-68765,Small Business,Germany,Bronze,SKU-ELE-187,Electronics,Displays,335.77,5,1678.85,0.0,1678.85,138.51,0.0,0.3905,WH-EU-01,DHL Worldwide,4.6,delivered,False
TX-930C53D2C5F8,ORD-3703F968,2026-09-09T06:45:39.354855+00:00,CUST-42772,Consumer,France,Gold,SKU-ELE-419,Electronics,Audio,254.4,1,254.4,0.0,254.4,20.99,0.0,0.1546,WH-WEST-02,FedEx Express,1.0,in_transit,False
TX-D3EDA5FF3BE9,ORD-C6C4911B,2026-08-31T12:48:39.354855+00:00,CUST-33033,Enterprise,United Kingdom,Platinum,SKU-APP-175,Apparel,Workwear,162.67,1,162.67,5.0,154.54,12.75,18.77,0.4564,WH-WEST-02,DHL Worldwide,4.3,delivered,False
TX-3AC4B8AC38BB,ORD-414F0757,2026-08-29T11:22:39.354855+00:00,CUST-97781,Corporate,Australia,Bronze,SKU-ELE-260,Electronics,Accessories,1526.99,1,1526.99,0.0,1526.99,125.98,0.0,0.1751,WH-CENTRAL-03,FedEx Express,5.0,delivered,False
TX-0A2E79C08C1C,ORD-9114C98A,2026-09-14T08:34:39.354855+00:00,CUST-79439,Corporate,Japan,Gold,SKU-HOM-716,Home & Office,Ergonomics,92.3,2,184.6,5.0,175.37,14.47,11.69,0.3976,WH-WEST-02,DHL Worldwide,6.2,delivered,True
TX-6B690E41F360,ORD-36363DF3,2026-07-31T08:54:39.354855+00:00,CUST-89737,Small Business,Japan,Silver,SKU-HOM-594,Home & Office,Lighting,102.77,2,205.54,0.0,205.54,16.96,23.71,0.4762,WH-EU-01,FedEx Express,1.4,delivered,False
TX-2D2B2075403D,ORD-636637CD,2026-07-07T07:13:39.354855+00:00,CUST-45390,Corporate,Singapore,Platinum,SKU-ELE-597,Electronics,Displays,1482.83,2,2965.66,0.0,2965.66,244.67,0.0,0.2408,WH-APAC-01,DHL Worldwide,3.1,delivered,False
TX-530A94BED0FC,ORD-C92E50C1,2026-09-27T20:23:39.354855+00:00,CUST-43748,Consumer,Japan,Bronze,SKU-IND-564,Industrial,Fasteners,3073.54,3,9220.62,5.0,8759.59,722.67,0.0,0.3797,WH-EU-01,UPS Freight,6.4,delivered,True
TX-444D4A1D128D,ORD-3DA054C9,2026-07-20T01:14:39.354855+00:00,CUST-40059,Small Business,Germany,Bronze,SKU-APP-127,Apparel,Outerwear,131.44,1,131.44,25.0,98.58,8.13,21.6,0.2026,WH-EU-01,Amazon Logistics,4.2,delivered,False
TX-C2630E0DAD4A,ORD-BE1F31FF,2026-09-16T12:51:39.354855+00:00,CUST-22281,Small Business,Japan,Silver,SKU-APP-856,Apparel,Sportswear,295.06,3,885.18,5.0,840.92,69.38,0.0,0.4498,WH-CENTRAL-03,FedEx Express,1.3,in_transit,False
TX-7A3429FF34F2,ORD-EB2132FB,2026-09-29T15:05:39.354855+00:00,CUST-82488,Corporate,Canada,Silver,SKU-AUT-518,Automotive,Batteries,65.57,1,65.57,0.0,65.57,5.41,33.44,0.418,WH-CENTRAL-03,UPS Freight,2.5,delivered,False
TX-FCD24FD5978E,ORD-99F005BC,2026-08-17T07:24:39.354855+00:00,CUST-80541,Consumer,Singapore,Gold,SKU-IND-759,Industrial,Pneumatics,1013.4,1,1013.4,0.0,1013.4,83.61,0.0,0.408,WH-EAST-01,DHL Worldwide,3.7,delivered,False
TX-D31A71530F06,ORD-209C29E1,2026-08-18T14:21:39.354855+00:00,CUST-13257,Small Business,United Kingdom,Platinum,SKU-ELE-649,Electronics,Displays,483.78,3,1451.34,5.0,1378.77,113.75,0.0,0.2068,WH-WEST-02,Amazon Logistics,2.5,delivered,False
TX-1F9C425F0912,ORD-9500BC4A,2026-07-21T19:52:39.354855+00:00,CUST-13665,Enterprise,Germany,Gold,SKU-AUT-523,Automotive,Brakes,804.75,1,804.75,0.0,804.75,66.39,0.0,0.2677,WH-CENTRAL-03,FedEx Express,1.7,delivered,False
TX-64CAC9BA0F56,ORD-BAF6A4AC,2026-08-31T02:24:39.354855+00:00,CUST-26166,Small Business,France,Gold,SKU-APP-820,Apparel,Footwear,347.7,1,347.7,0.0,347.7,28.69,0.0,0.2947,WH-APAC-01,UPS Freight,4.8,delivered,False
TX-ED2A4CA75A6B,ORD-AE5CC054,2026-09-15T22:20:39.354855+00:00,CUST-12380,Corporate,USA,Platinum,SKU-IND-454,Industrial,Fasteners,1977.9,1,1977.9,5.0,1879.01,155.02,0.0,0.2365,WH-EAST-01,Amazon Logistics,2.6,delivered,False
TX-1D43A369FD72,ORD-BBDAB502,2026-09-23T15:55:39.354855+00:00,CUST-20829,Enterprise,Canada,Bronze,SKU-APP-742,Apparel,Outerwear,208.16,1,208.16,0.0,208.16,17.17,23.71,0.1863,WH-CENTRAL-03,UPS Freight,5.6,in_transit,True
TX-FDFACAF9D9D5,ORD-0F4CDBAB,2026-09-26T09:32:39.354855+00:00,CUST-50198,Corporate,Canada,Silver,SKU-HOM-423,Home & Office,Ergonomics,64.42,1,64.42,15.0,54.76,4.52,33.56,0.4366,WH-CENTRAL-03,DHL Worldwide,5.2,in_transit,True
TX-6A358A5D2167,ORD-4E4E4617,2026-08-30T17:39:39.354855+00:00,CUST-56736,Small Business,USA,Silver,SKU-ELE-302,Electronics,Audio,1274.09,1,1274.09,5.0,1210.39,99.86,0.0,0.4117,WH-EU-01,FedEx Express,3.6,delivered,False
TX-25A18BBEB6BB,ORD-B6BB99C7,2026-09-27T16:39:39.354855+00:00,CUST-1651,Small Business,Australia,Bronze,SKU-ELE-739,Electronics,Laptops,1011.31,1,1011.31,0.0,1011.31,83.43,0.0,0.2367,WH-WEST-02,DHL Worldwide,5.1,delivered,False
TX-99A33F9E8F2D,ORD-5290DBA2,2026-07-24T03:29:39.354855+00:00,CUST-80845,Consumer,Germany,Gold,SKU-AUT-480,Automotive,Diagnostics,450.59,1,450.59,10.0,405.53,33.46,0.0,0.132,WH-WEST-02,FedEx Express,2.3,pending,False
TX-C9142681561B,ORD-5BEFCD5B,2026-07-11T12:15:39.354855+00:00,CUST-75951,Small Business,Japan,Platinum,SKU-HOM-849,Home & Office,Furniture,324.33,5,1621.65,0.0,1621.65,133.79,0.0,0.4583,WH-WEST-02,DHL Worldwide,3.1,delivered,False
TX-CA5B9E4FEFB8,ORD-CC198718,2026-08-01T21:48:39.354855+00:00,CUST-15605,Enterprise,USA,Silver,SKU-ELE-185,Electronics,Displays,546.04,1,546.04,25.0,409.53,33.79,0.0,0.2975,WH-EAST-01,FedEx Express,0.9,pending,False
TX-8310C8334ADC,ORD-C4B0B547,2026-08-18T01:09:39.354855+00:00,CUST-95307,Enterprise,Canada,Silver,SKU-APP-294,Apparel,Outerwear,103.53,1,103.53,0.0,103.53,8.54,34.59,0.4207,WH-APAC-01,Amazon Logistics,7.4,delivered,True
TX-186CD681183D,ORD-10D7C33A,2026-07-19T18:19:39.354855+00:00,CUST-4628,Corporate,Australia,Gold,SKU-HOM-950,Home & Office,Lighting,345.9,1,345.9,10.0,311.31,25.68,0.0,0.3026,WH-WEST-02,FedEx Express,3.4,in_transit,False
TX-ADA19EA6DDAA,ORD-2511A085,2026-08-20T11:09:39.354855+00:00,CUST-34802,Consumer,Japan,Silver,SKU-AUT-695,Automotive,Lighting,538.66,1,538.66,15.0,457.86,37.77,0.0,0.2325,WH-CENTRAL-03,UPS Freight,2.8,delivered,False
TX-BFF6FFA4415A,ORD-E16BF347,2026-08-02T22:41:39.354855+00:00,CUST-14021,Corporate,Japan,Silver,SKU-HOM-498,Home & Office,Furniture,152.52,2,305.04,5.0,289.79,23.91,0.0,0.1781,WH-APAC-01,UPS Freight,2.8,delivered,False
TX-7192F8A5884E,ORD-9E0E8D02,2026-07-09T04:42:39.354855+00:00,CUST-47534,Small Business,United Kingdom,Platinum,SKU-ELE-755,Electronics,Displays,270.21,5,1351.05,10.0,1215.94,100.32,0.0,0.1506,WH-WEST-02,FedEx Express,0.8,in_transit,False
TX-7FBF5721412C,ORD-EC5028C4,2026-07-22T07:44:39.354855+00:00,CUST-62827,Small Business,Germany,Bronze,SKU-ELE-383,Electronics,Audio,80.85,2,161.7,0.0,161.7,13.34,32.89,0.2005,WH-APAC-01,DHL Worldwide,4.6,delivered,False
TX-89A0CFCDADF0,ORD-7415B49B,2026-09-06T00:03:39.354855+00:00,CUST-7602,Enterprise,Singapore,Platinum,SKU-APP-445,Apparel,Sportswear,139.93,2,279.86,15.0,237.88,19.63,26.64,0.1264,WH-WEST-02,FedEx Express,0.7,delivered,False
TX-780B2820B046,ORD-1CAE4EA1,2026-09-07T16:19:39.354855+00:00,CUST-67511,Enterprise,Japan,Silver,SKU-ELE-175,Electronics,Audio,726.04,5,3630.2,0.0,3630.2,299.49,0.0,0.1279,WH-EAST-01,UPS Freight,5.4,delivered,False
TX-1ACB74983F09,ORD-A0F757FA,2026-09-27T14:31:39.354855+00:00,CUST-58326,Corporate,USA,Gold,SKU-AUT-689,Automotive,Diagnostics,769.98,1,769.98,0.0,769.98,63.52,0.0,0.1649,WH-APAC-01,UPS Freight,4.4,returned,False
TX-39D1E46C2BCB,ORD-CA0F4FDC,2026-07-11T01:16:39.354855+00:00,CUST-12085,Small Business,France,Platinum,SKU-HOM-400,Home & Office,Ergonomics,220.66,3,661.98,0.0,661.98,54.61,0.0,0.2139,WH-APAC-01,DHL Worldwide,6.2,delivered,True
TX-1F441ECCB25E,ORD-A2B74FE3,2026-08-29T16:35:39.354855+00:00,CUST-52805,Small Business,France,Platinum,SKU-AUT-314,Automotive,Batteries,654.86,5,3274.3,0.0,3274.3,270.13,0.0,0.3626,WH-EAST-01,FedEx Express,2.1,in_transit,False
TX-5F85D85DB7D2,ORD-70561A3E,2026-08-30T19:04:39.354855+00:00,CUST-62652,Corporate,Australia,Platinum,SKU-HOM-318,Home & Office,Furniture,326.35,1,326.35,15.0,277.4,22.89,0.0,0.1307,WH-EAST-01,Amazon Logistics,1.1,delivered,False
TX-3500213C2ADC,ORD-1AF50898,2026-09-09T22:51:39.354855+00:00,CUST-53060,Corporate,Australia,Silver,SKU-IND-896,Industrial,Fasteners,2885.4,1,2885.4,0.0,2885.4,238.05,0.0,0.4218,WH-CENTRAL-03,DHL Worldwide,0.7,delivered,False
TX-2E50210BE9CA,ORD-67495675,2026-09-09T09:58:39.354855+00:00,CUST-75872,Consumer,France,Gold,SKU-IND-657,Industrial,Fasteners,1459.48,25,36487.0,0.0,36487.0,3010.18,0.0,0.1709,WH-WEST-02,Amazon Logistics,1.4,in_transit,False
TX-71015F0A1BF4,ORD-282FC0B0,2026-09-28T02:39:39.354855+00:00,CUST-28409,Corporate,Australia,Bronze,SKU-ELE-294,Electronics,Laptops,607.13,1,607.13,0.0,607.13,50.09,0.0,0.3569,WH-APAC-01,DHL Worldwide,1.7,in_transit,False
TX-B07CA2E0BA63,ORD-52501044,2026-09-28T18:38:39.354855+00:00,CUST-83411,Small Business,United Kingdom,Silver,SKU-AUT-866,Automotive,Diagnostics,552.75,2,1105.5,10.0,994.95,82.08,0.0,0.3495,WH-APAC-01,FedEx Express,4.4,delivered,False
TX-842B67FE6A48,ORD-546BC57A,2026-09-22T01:22:39.354855+00:00,CUST-35395,Corporate,United Kingdom,Silver,SKU-ELE-746,Electronics,Smartphones,1110.55,1,1110.55,10.0,999.5,82.46,0.0,0.1205,WH-EAST-01,UPS Freight,0.9,delivered,False
TX-F855690B0E68,ORD-07580EEB,2026-09-02T19:33:39.354855+00:00,CUST-43861,Small Business,France,Silver,SKU-APP-754,Apparel,Workwear,34.93,3,104.79,15.0,89.07,7.35,34.6,0.1656,WH-CENTRAL-03,FedEx Express,5.0,in_transit,True
TX-BFFAE4A97154,ORD-F3476A46,2026-08-07T09:10:39.354855+00:00,CUST-22471,Corporate,Australia,Silver,SKU-IND-278,Industrial,Fasteners,2849.72,3,8549.16,5.0,8121.7,670.04,0.0,0.3527,WH-APAC-01,UPS Freight,4.3,delivered,False
TX-D92FA163E431,ORD-94EE7442,2026-07-26T09:33:39.354855+00:00,CUST-73890,Consumer,Japan,Gold,SKU-HOM-816,Home & Office,Ergonomics,61.78,1,61.78,0.0,61.78,5.1,21.04,0.2648,WH-EAST-01,FedEx Express,4.9,delivered,False
TX-3B986B6437DF,ORD-AE2B1768,2026-09-14T22:38:39.354855+00:00,CUST-65455,Corporate,Canada,Silver,SKU-APP-744,Apparel,Footwear,328.49,1,328.49,40.0,197.09,16.26,22.72,0.3802,WH-WEST-02,FedEx Express,4.9,delivered,False
TX-2641D802ECCB,ORD-9BC61398,2026-08-25T03:51:39.354855+00:00,CUST-63139,Corporate,USA,Silver,SKU-IND-555,Industrial,Sensors,173.12,5,865.6,25.0,649.2,53.56,0.0,0.463,WH-APAC-01,Amazon Logistics,3.1,delivered,False
TX-BC4067475FF5,ORD-982277B8,2026-09-18T16:42:39.354855+00:00,CUST-26883,Consumer,Australia,Platinum,SKU-ELE-587,Electronics,Smartphones,644.88,1,644.88,0.0,644.88,53.2,0.0,0.2673,WH-CENTRAL-03,FedEx Express,0.6,delivered,False
TX-870388AB1A94,ORD-00288DE7,2026-08-10T22:10:39.354855+00:00,CUST-72448,Enterprise,Canada,Gold,SKU-AUT-377,Automotive,Batteries,691.22,1,691.22,15.0,587.54,48.47,0.0,0.3822,WH-APAC-01,Amazon Logistics,1.9,delivered,False
TX-7A0140BB8CE2,ORD-4540F522,2026-07-13T21:44:39.354855+00:00,CUST-73360,Small Business,United Kingdom,Platinum,SKU-AUT-195,Automotive,Diagnostics,188.44,2,376.88,0.0,376.88,31.09,0.0,0.4156,WH-CENTRAL-03,UPS Freight,5.2,delivered,False
TX-C9F706A4FCD0,ORD-A2E30DAB,2026-09-27T09:44:39.354855+00:00,CUST-32832,Consumer,Singapore,Gold,SKU-IND-364,Industrial,Pneumatics,3137.23,2,6274.46,15.0,5333.29,440.0,0.0,0.2777,WH-EAST-01,FedEx Express,3.5,delivered,False
TX-90869B9FDD9A,ORD-6F730199,2026-08-04T05:56:39.354855+00:00,CUST-88330,Enterprise,Japan,Gold,SKU-APP-692,Apparel,Sportswear,275.62,1,275.62,0.0,275.62,22.74,0.0,0.2442,WH-WEST-02,DHL Worldwide,2.9,delivered,False
TX-628E11FD67C1,ORD-9D23FAE0,2026-08-23T23:21:39.354855+00:00,CUST-51772,Enterprise,United Kingdom,Silver,SKU-HOM-187,Home & Office,Lighting,88.99,1,88.99,10.0,80.09,6.61,22.29,0.3237,WH-CENTRAL-03,Amazon Logistics,5.0,delivered,False
TX-22A196EC6E9F,ORD-6BD5CFBB,2026-07-05T11:55:39.354855+00:00,CUST-84206,Enterprise,Canada,Silver,SKU-IND-822,Industrial,Fasteners,707.87,1,707.87,0.0,707.87,58.4,0.0,0.241,WH-CENTRAL-03,DHL Worldwide,4.2,delivered,False
TX-9A47C0DE5C13,ORD-17B33C03,2026-07-12T20:18:39.354855+00:00,CUST-44901,Consumer,Japan,Gold,SKU-AUT-349,Automotive,Lighting,543.48,1,543.48,10.0,489.13,40.35,0.0,0.3271,WH-CENTRAL-03,DHL Worldwide,5.8,in_transit,True
TX-1AA0E6452745,ORD-9E894041,2026-07-14T09:53:39.354855+00:00,CUST-23482,Consumer,Germany,Platinum,SKU-HOM-876,Home & Office,Furniture,266.47,1,266.47,10.0,239.82,19.79,33.39,0.4543,WH-EAST-01,Amazon Logistics,1.5,delivered,False
TX-38F950975594,ORD-F26465BD,2026-09-26T06:12:39.354855+00:00,CUST-75689,Enterprise,Singapore,Bronze,SKU-ELE-582,Electronics,Audio,560.18,2,1120.36,0.0,1120.36,92.43,0.0,0.4138,WH-APAC-01,UPS Freight,5.1,in_transit,True
TX-AD3D8C49413F,ORD-AD8DB2E4,2026-09-15T19:19:39.354855+00:00,CUST-32848,Small Business,Australia,Gold,SKU-APP-514,Apparel,Workwear,144.15,3,432.45,0.0,432.45,35.68,0.0,0.198,WH-EAST-01,UPS Freight,3.9,delivered,False
TX-4334A9D97984,ORD-EBFC4969,2026-08-05T13:02:39.354855+00:00,CUST-69742,Small Business,Japan,Gold,SKU-ELE-321,Electronics,Displays,1268.06,1,1268.06,5.0,1204.66,99.38,0.0,0.3237,WH-EU-01,UPS Freight,5.7,pending,True
TX-21C6CFACB0A7,ORD-3DDC1322,2026-09-10T20:34:39.354855+00:00,CUST-33535,Enterprise,USA,Platinum,SKU-HOM-980,Home & Office,Storage,92.58,1,92.58,0.0,92.58,7.64,17.22,0.3066,WH-APAC-01,FedEx Express,2.5,cancelled,False
TX-3116B1DBFBCC,ORD-870436DB,2026-09-30T23:44:39.354855+00:00,CUST-42158,Small Business,Germany,Gold,SKU-ELE-883,Electronics,Displays,1565.7,3,4697.1,40.0,2818.26,232.51,0.0,0.251,WH-APAC-01,FedEx Express,5.3,delivered,False
TX-72E1EAF62D3B,ORD-0D425F87,2026-07-18T06:56:39.354855+00:00,CUST-11681,Corporate,Canada,Bronze,SKU-ELE-985,Electronics,Accessories,1525.77,3,4577.31,10.0,4119.58,339.87,0.0,0.2194,WH-EU-01,FedEx Express,5.1,pending,False
TX-5BB427A8E479,ORD-9E322EAA,2026-09-06T14:44:39.354855+00:00,CUST-71602,Consumer,Japan,Silver,SKU-IND-183,Industrial,Pneumatics,935.42,1,935.42,5.0,888.65,73.31,0.0,0.3537,WH-EAST-01,DHL Worldwide,7.3,delivered,True
TX-DD837C3A0A3F,ORD-24D7051B,2026-09-08T05:11:39.354855+00:00,CUST-43722,Small Business,Canada,Platinum,SKU-IND-539,Industrial,Pneumatics,2159.31,1,2159.31,0.0,2159.31,178.14,0.0,0.4076,WH-APAC-01,FedEx Express,2.6,returned,False
TX-2708E5FA60C1,ORD-43799F03,2026-08-19T03:43:39.354855+00:00,CUST-17884,Corporate,USA,Bronze,SKU-ELE-833,Electronics,Smartphones,482.22,10,4822.2,25.0,3616.65,298.37,0.0,0.257,WH-WEST-02,DHL Worldwide,0.8,delivered,False
TX-C4E85EA4A426,ORD-CC6FFA37,2026-08-27T04:02:39.354855+00:00,CUST-73273,Corporate,Singapore,Bronze,SKU-HOM-311,Home & Office,Lighting,93.18,1,93.18,15.0,79.2,6.53,25.24,0.3794,WH-APAC-01,Amazon Logistics,4.5,delivered,False
TX-4F5FA8002CF6,ORD-8F956A29,2026-09-26T04:57:39.354855+00:00,CUST-82831,Corporate,Australia,Platinum,SKU-HOM-209,Home & Office,Storage,58.12,1,58.12,10.0,52.31,4.32,33.42,0.2305,WH-CENTRAL-03,UPS Freight,7.1,delivered,True
TX-42BCB01F0498,ORD-E8851159,2026-09-10T00:56:39.354855+00:00,CUST-36941,Small Business,Japan,Gold,SKU-AUT-851,Automotive,Brakes,342.83,2,685.66,10.0,617.09,50.91,0.0,0.1429,WH-EAST-01,DHL Worldwide,3.0,delivered,False
TX-6CC142FE293C,ORD-6CC0AACC,2026-07-03T18:56:39.354855+00:00,CUST-90535,Enterprise,Germany,Gold,SKU-HOM-105,Home & Office,Lighting,111.96,1,111.96,25.0,83.97,6.93,13.6,0.3035,WH-WEST-02,DHL Worldwide,1.3,cancelled,False
TX-E0A101817BA2,ORD-99E320E2,2026-08-07T10:22:39.354855+00:00,CUST-1562,Consumer,Canada,Silver,SKU-IND-888,Industrial,Sensors,1158.97,1,1158.97,0.0,1158.97,95.62,0.0,0.3268,WH-CENTRAL-03,UPS Freight,0.8,delivered,False
TX-6283E69703F5,ORD-C3DE26A4,2026-09-28T18:38:39.354855+00:00,CUST-12393,Consumer,Australia,Bronze,SKU-ELE-932,Electronics,Smartphones,838.44,1,838.44,40.0,503.06,41.5,0.0,0.1856,WH-WEST-02,DHL Worldwide,3.9,delivered,False
TX-AE65DC2387D8,ORD-D68A08F5,2026-07-13T07:51:39.354855+00:00,CUST-64043,Corporate,Canada,Silver,SKU-IND-753,Industrial,Fasteners,3143.76,1,3143.76,0.0,3143.76,259.36,0.0,0.315,WH-APAC-01,Amazon Logistics,0.7,delivered,False
TX-5B94957B244F,ORD-173998B7,2026-09-20T04:47:39.354855+00:00,CUST-94237,Small Business,Canada,Platinum,SKU-IND-230,Industrial,Pneumatics,3146.52,5,15732.6,5.0,14945.97,1233.04,0.0,0.2009,WH-WEST-02,UPS Freight,3.6,delivered,False
TX-DBA43654CBD2,ORD-8657FD3A,2026-08-10T01:29:39.354855+00:00,CUST-16143,Enterprise,Germany,Silver,SKU-IND-480,Industrial,Motors,620.48,10,6204.8,0.0,6204.8,511.9,0.0,0.2413,WH-EAST-01,UPS Freight,2.0,in_transit,False
TX-648E00BBD96D,ORD-17C9154D,2026-09-27T14:55:39.354855+00:00,CUST-43835,Consumer,United Kingdom,Platinum,SKU-HOM-876,Home & Office,Ergonomics,258.78,2,517.56,0.0,517.56,42.7,0.0,0.3632,WH-WEST-02,Amazon Logistics,1.8,delivered,False
TX-BA3DB6CEEC24,ORD-EC88D34A,2026-09-14T09:12:39.354855+00:00,CUST-75736,Enterprise,France,Platinum,SKU-HOM-831,Home & Office,Ergonomics,18.13,1,18.13,5.0,17.22,1.42,30.04,0.2885,WH-WEST-02,FedEx Express,4.2,delivered,False
TX-A8C2266D6F70,ORD-F3FB6DCD,2026-08-23T01:05:39.354855+00:00,CUST-4853,Small Business,Japan,Gold,SKU-ELE-253,Electronics,Accessories,357.74,3,1073.22,0.0,1073.22,88.54,0.0,0.3168,WH-WEST-02,FedEx Express,4.8,pending,False
TX-6B48066AFAD0,ORD-0006E47E,2026-07-16T13:22:39.354855+00:00,CUST-76863,Corporate,Australia,Gold,SKU-AUT-157,Automotive,Batteries,165.15,1,165.15,10.0,148.64,12.26,32.11,0.4514,WH-EU-01,UPS Freight,3.6,delivered,False
TX-B19C5F19948A,ORD-E18FCCE4,2026-09-03T11:49:39.354855+00:00,CUST-59076,Small Business,USA,Silver,SKU-ELE-216,Electronics,Laptops,194.25,2,388.5,0.0,388.5,32.05,0.0,0.3683,WH-APAC-01,FedEx Express,1.4,in_transit,False
TX-511841AD06AB,ORD-CFC47DC0,2026-08-03T03:56:39.354855+00:00,CUST-18758,Corporate,United Kingdom,Platinum,SKU-HOM-400,Home & Office,Storage,291.94,1,291.94,0.0,291.94,24.09,0.0,0.2474,WH-CENTRAL-03,Amazon Logistics,3.8,delivered,False
TX-F56D129844A3,ORD-94334EE9,2026-07-10T03:08:39.354855+00:00,CUST-7246,Consumer,Japan,Bronze,SKU-AUT-736,Automotive,Batteries,408.63,1,408.63,5.0,388.2,32.03,0.0,0.3911,WH-EAST-01,DHL Worldwide,6.5,pending,True
TX-56E74E1841C4,ORD-4F59BCC3,2026-07-19T11:28:39.354855+00:00,CUST-29764,Enterprise,USA,Platinum,SKU-APP-843,Apparel,Workwear,216.88,1,216.88,25.0,162.66,13.42,22.26,0.1867,WH-EAST-01,FedEx Express,5.5,returned,False
TX-ABD433999639,ORD-03013501,2026-07-30T08:54:39.354855+00:00,CUST-73114,Small Business,France,Silver,SKU-APP-106,Apparel,Workwear,316.81,2,633.62,25.0,475.22,39.21,0.0,0.252,WH-CENTRAL-03,Amazon Logistics,1.8,delivered,False
TX-B3ED67078A53,ORD-2DEAF560,2026-09-08T18:51:39.354855+00:00,CUST-82086,Enterprise,Germany,Silver,SKU-APP-236,Apparel,Footwear,175.99,2,351.98,15.0,299.18,24.68,0.0,0.4172,WH-EU-01,Amazon Logistics,3.3,in_transit,False
TX-F726363B7BED,ORD-E3B15B5C,2026-09-25T22:19:39.354855+00:00,CUST-36322,Corporate,Germany,Platinum,SKU-AUT-484,Automotive,Batteries,710.2,3,2130.6,0.0,2130.6,175.77,0.0,0.2263,WH-EU-01,UPS Freight,3.7,delivered,False
TX-470B6A346731,ORD-B3A0190E,2026-09-29T14:04:39.354855+00:00,CUST-91606,Corporate,Canada,Bronze,SKU-AUT-981,Automotive,Batteries,771.16,5,3855.8,5.0,3663.01,302.2,0.0,0.1261,WH-EAST-01,Amazon Logistics,7.8,delivered,True
TX-F44743DDC55F,ORD-E42E9EDC,2026-08-02T21:44:39.354855+00:00,CUST-3493,Corporate,Japan,Gold,SKU-APP-478,Apparel,Footwear,39.61,2,79.22,5.0,75.26,6.21,17.61,0.4203,WH-EAST-01,Amazon Logistics,2.4,delivered,False
TX-2279297048DF,ORD-A76D75D9,2026-09-02T06:18:39.354855+00:00,CUST-66025,Consumer,United Kingdom,Bronze,SKU-ELE-584,Electronics,Laptops,1259.52,3,3778.56,0.0,3778.56,311.73,0.0,0.3684,WH-APAC-01,DHL Worldwide,0.8,delivered,False
TX-9F50F799AB6C,ORD-73447C94,2026-08-26T13:30:39.354855+00:00,CUST-9871,Small Business,USA,Gold,SKU-HOM-870,Home & Office,Lighting,195.26,1,195.26,5.0,185.5,15.3,27.96,0.4066,WH-CENTRAL-03,DHL Worldwide,3.7,in_transit,False
TX-3B125F343C93,ORD-74C521B4,2026-09-22T22:00:39.354855+00:00,CUST-88241,Small Business,Australia,Platinum,SKU-AUT-294,Automotive,Lighting,520.38,1,520.38,25.0,390.28,32.2,0.0,0.1531,WH-APAC-01,DHL Worldwide,3.6,delivered,False
TX-16DFF831B410,ORD-95084243,2026-09-15T14:05:39.354855+00:00,CUST-26971,Small Business,Canada,Bronze,SKU-IND-886,Industrial,Fasteners,670.04,1,670.04,0.0,670.04,55.28,0.0,0.3605,WH-APAC-01,UPS Freight,5.0,cancelled,False
TX-19AD0269D008,ORD-33F40A6C,2026-07-29T03:28:39.354855+00:00,CUST-85419,Corporate,USA,Platinum,SKU-ELE-638,Electronics,Smartphones,1756.27,1,1756.27,0.0,1756.27,144.89,0.0,0.3059,WH-CENTRAL-03,UPS Freight,3.3,delivered,False
TX-1F7933060836,ORD-B6EB7954,2026-09-22T13:19:39.354855+00:00,CUST-79739,Small Business,Australia,Platinum,SKU-IND-654,Industrial,Hydraulics,152.54,1,152.54,0.0,152.54,12.58,24.58,0.2456,WH-APAC-01,Amazon Logistics,5.3,delivered,False
TX-A3CA41A84829,ORD-EA97A3E6,2026-08-28T00:45:39.354855+00:00,CUST-21514,Corporate,Canada,Platinum,SKU-ELE-236,Electronics,Displays,640.45,3,1921.35,25.0,1441.01,118.88,0.0,0.138,WH-EU-01,UPS Freight,2.4,delivered,False
TX-484FB247861B,ORD-715D31E4,2026-07-22T20:11:39.354855+00:00,CUST-75647,Enterprise,Canada,Platinum,SKU-ELE-351,Electronics,Smartphones,255.97,5,1279.85,10.0,1151.87,95.03,0.0,0.304,WH-CENTRAL-03,Amazon Logistics,5.5,delivered,False
TX-D254ED37D8F3,ORD-53770F5B,2026-09-05T06:01:39.354855+00:00,CUST-18636,Corporate,USA,Gold,SKU-ELE-287,Electronics,Accessories,1314.99,1,1314.99,0.0,1314.99,108.49,0.0,0.1973,WH-CENTRAL-03,DHL Worldwide,7.3,delivered,True
TX-0B97F187E803,ORD-0F56D719,2026-08-25T00:25:39.354855+00:00,CUST-84442,Enterprise,United Kingdom,Bronze,SKU-AUT-571,Automotive,Brakes,320.43,1,320.43,0.0,320.43,26.44,0.0,0.1866,WH-CENTRAL-03,Amazon Logistics,0.8,delivered,False
TX-1F0DEC70699E,ORD-61E390F5,2026-08-04T18:28:39.354855+00:00,CUST-50248,Enterprise,Canada,Platinum,SKU-APP-698,Apparel,Workwear,147.77,1,147.77,25.0,110.83,9.14,11.0,0.3898,WH-WEST-02,FedEx Express,3.1,delivered,False
TX-CACB68C1BF71,ORD-F84E4B9C,2026-07-06T05:16:39.354855+00:00,CUST-1611,Small Business,Japan,Gold,SKU-ELE-892,Electronics,Displays,1062.13,1,1062.13,10.0,955.92,78.86,0.0,0.2639,WH-WEST-02,DHL Worldwide,1.9,returned,False
TX-553E5166DDA5,ORD-F078B87E,2026-07-08T04:42:39.354855+00:00,CUST-41117,Enterprise,Canada,Bronze,SKU-IND-793,Industrial,Motors,2207.49,1,2207.49,0.0,2207.49,182.12,0.0,0.4324,WH-EAST-01,UPS Freight,3.1,in_transit,False
TX-9DE77D5AC71E,ORD-87516266,2026-08-29T06:37:39.354855+00:00,CUST-22745,Small Business,Singapore,Gold,SKU-HOM-321,Home & Office,Ergonomics,321.39,2,642.78,0.0,642.78,53.03,0.0,0.3077,WH-APAC-01,DHL Worldwide,1.3,delivered,False
TX-9CD1BCA2D690,ORD-24A19219,2026-09-04T00:19:39.354855+00:00,CUST-50979,Consumer,USA,Gold,SKU-HOM-557,Home & Office,Furniture,201.8,1,201.8,10.0,181.62,14.98,15.27,0.1539,WH-EU-01,Amazon Logistics,3.2,delivered,False
TX-9A7084507411,ORD-DC7C4DBD,2026-08-17T13:27:39.354855+00:00,CUST-33651,Enterprise,France,Gold,SKU-APP-638,Apparel,Footwear,152.86,2,305.72,5.0,290.43,23.96,0.0,0.1404,WH-APAC-01,UPS Freight,3.5,pending,False
TX-025B673A4F24,ORD-9A1DA660,2026-09-18T07:49:39.354855+00:00,CUST-85416,Small Business,Canada,Silver,SKU-HOM-827,Home & Office,Ergonomics,67.86,1,67.86,0.0,67.86,5.6,26.98,0.1969,WH-WEST-02,FedEx Express,3.5,delivered,False
TX-2E1DAE1BDC83,ORD-5226E7C9,2026-08-09T10:43:39.354855+00:00,CUST-53311,Corporate,United Kingdom,Bronze,SKU-APP-363,Apparel,Sportswear,280.78,1,280.78,0.0,280.78,23.16,0.0,0.4332,WH-CENTRAL-03,Amazon Logistics,1.2,delivered,False
TX-F7630696A0F5,ORD-802CF584,2026-09-23T17:14:39.354855+00:00,CUST-49208,Corporate,Germany,Platinum,SKU-AUT-385,Automotive,Batteries,441.86,2,883.72,0.0,883.72,72.91,0.0,0.2899,WH-APAC-01,DHL Worldwide,4.2,delivered,False
TX-10BB13EC6599,ORD-BCAD4FBC,2026-07-23T08:08:39.354855+00:00,CUST-66789,Consumer,Germany,Platinum,SKU-APP-845,Apparel,Footwear,338.93,1,338.93,5.0,321.98,26.56,0.0,0.1388,WH-EU-01,DHL Worldwide,4.7,delivered,False
TX-15F9E95721F3,ORD-A6BC9BB4,2026-09-04T08:05:39.354855+00:00,CUST-27977,Corporate,USA,Silver,SKU-APP-594,Apparel,Footwear,19.68,1,19.68,0.0,19.68,1.62,23.59,0.139,WH-EAST-01,DHL Worldwide,5.5,in_transit,True
TX-4995813BB856,ORD-F5C60363,2026-07-14T01:02:39.354855+00:00,CUST-87798,Consumer,Singapore,Gold,SKU-APP-835,Apparel,Footwear,46.53,1,46.53,40.0,27.92,2.3,9.46,0.3488,WH-WEST-02,FedEx Express,2.3,delivered,False
TX-EAF1EA01E95F,ORD-1B1A214E,2026-08-22T14:55:39.354855+00:00,CUST-72824,Corporate,France,Platinum,SKU-IND-656,Industrial,Fasteners,2577.3,1,2577.3,5.0,2448.43,202.0,0.0,0.3953,WH-APAC-01,UPS Freight,3.5,delivered,False
TX-0F8C36BB3C07,ORD-244A899B,2026-08-13T06:05:39.354855+00:00,CUST-51716,Small Business,France,Platinum,SKU-ELE-178,Electronics,Smartphones,1195.7,1,1195.7,0.0,1195.7,98.65,0.0,0.294,WH-EU-01,DHL Worldwide,5.3,delivered,False
TX-12D17A0AEE2A,ORD-FBE118E9,2026-09-27T10:25:39.354855+00:00,CUST-68586,Enterprise,Australia,Gold,SKU-IND-489,Industrial,Sensors,2934.34,5,14671.7,0.0,14671.7,1210.42,0.0,0.1359,WH-CENTRAL-03,UPS Freight,5.2,delivered,False
TX-925DFEC6AABC,ORD-68FA4DEC,2026-08-28T16:27:39.354855+00:00,CUST-26534,Corporate,France,Gold,SKU-HOM-681,Home & Office,Lighting,56.03,1,56.03,0.0,56.03,4.62,8.9,0.3931,WH-EAST-01,FedEx Express,5.1,delivered,False
TX-0151DE9C1C8B,ORD-7EF36AB1,2026-09-16T23:02:39.354855+00:00,CUST-4246,Small Business,United Kingdom,Bronze,SKU-HOM-351,Home & Office,Furniture,87.07,2,174.14,10.0,156.73,12.93,11.31,0.4134,WH-CENTRAL-03,DHL Worldwide,3.9,delivered,False
TX-20956AD05CDF,ORD-0E4C59C2,2026-08-10T16:37:39.354855+00:00,CUST-73811,Small Business,Singapore,Gold,SKU-AUT-663,Automotive,Lighting,461.78,1,461.78,0.0,461.78,38.1,0.0,0.3587,WH-EU-01,FedEx Express,4.7,delivered,False
TX-F8977B70135E,ORD-476F47DA,2026-09-22T11:02:39.354855+00:00,CUST-86378,Consumer,United Kingdom,Platinum,SKU-HOM-452,Home & Office,Furniture,233.53,1,233.53,5.0,221.85,18.3,31.4,0.2471,WH-WEST-02,DHL Worldwide,4.6,cancelled,False
TX-A82FD7520B7C,ORD-359B3DD7,2026-07-12T07:09:39.354855+00:00,CUST-11943,Corporate,Japan,Silver,SKU-IND-951,Industrial,Fasteners,1512.46,3,4537.38,0.0,4537.38,374.33,0.0,0.2767,WH-EAST-01,FedEx Express,0.8,returned,False
TX-FA07FE4620AE,ORD-C8D37212,2026-08-27T03:44:39.354855+00:00,CUST-70012,Consumer,United Kingdom,Silver,SKU-APP-276,Apparel,Workwear,111.69,3,335.07,25.0,251.3,20.73,0.0,0.1697,WH-APAC-01,FedEx Express,1.3,in_transit,False
TX-643D7660C415,ORD-55F98B01,2026-08-04T14:06:39.354855+00:00,CUST-4318,Consumer,Germany,Silver,SKU-AUT-116,Automotive,Diagnostics,571.41,1,571.41,10.0,514.27,42.43,0.0,0.2033,WH-APAC-01,UPS Freight,2.2,returned,False
TX-39220799250D,ORD-40E57497,2026-09-01T13:20:39.354855+00:00,CUST-48361,Enterprise,France,Platinum,SKU-HOM-665,Home & Office,Furniture,293.9,25,7347.5,0.0,7347.5,606.17,0.0,0.1943,WH-EAST-01,FedEx Express,4.7,pending,False
TX-2C9B5E49AF8F,ORD-252B3DEE,2026-09-05T03:52:39.354855+00:00,CUST-57867,Consumer,United Kingdom,Silver,SKU-APP-379,Apparel,Outerwear,176.98,1,176.98,5.0,168.13,13.87,11.32,0.1724,WH-APAC-01,FedEx Express,1.8,cancelled,False
TX-AC1DB716FE08,ORD-CA635F93,2026-09-07T06:55:39.354855+00:00,CUST-54305,Small Business,United Kingdom,Platinum,SKU-APP-808,Apparel,Workwear,123.82,1,123.82,5.0,117.63,9.7,16.38,0.148,WH-EU-01,FedEx Express,2.9,delivered,False
TX-1F0D6E159D72,ORD-84FC385A,2026-07-15T15:17:39.354855+00:00,CUST-20583,Corporate,USA,Platinum,SKU-HOM-462,Home & Office,Storage,28.49,1,28.49,0.0,28.49,2.35,31.18,0.4142,WH-APAC-01,FedEx Express,3.5,returned,False
TX-4E2C3A106B81,ORD-23E32C2E,2026-08-15T23:23:39.354855+00:00,CUST-53292,Small Business,Germany,Platinum,SKU-HOM-364,Home & Office,Furniture,29.02,1,29.02,15.0,24.67,2.04,28.86,0.2408,WH-EU-01,UPS Freight,2.3,delivered,False
TX-504974537416,ORD-D4C2E99F,2026-08-01T09:00:39.354855+00:00,CUST-92248,Consumer,Germany,Bronze,SKU-APP-496,Apparel,Outerwear,34.08,1,34.08,0.0,34.08,2.81,25.25,0.4273,WH-EU-01,DHL Worldwide,4.3,in_transit,True
TX-318E46E808A3,ORD-97B8B619,2026-07-10T21:29:39.354855+00:00,CUST-27173,Small Business,Germany,Gold,SKU-IND-115,Industrial,Sensors,2412.91,10,24129.1,0.0,24129.1,1990.65,0.0,0.4117,WH-EU-01,UPS Freight,2.5,delivered,False
TX-B386FAC4EB94,ORD-55F07030,2026-07-07T01:56:39.354855+00:00,CUST-83111,Enterprise,Australia,Gold,SKU-AUT-981,Automotive,Batteries,433.96,1,433.96,0.0,433.96,35.8,0.0,0.1441,WH-EAST-01,Amazon Logistics,1.3,delivered,False
TX-F954D89E2A13,ORD-D1BBD7EE,2026-08-22T19:20:39.354855+00:00,CUST-74585,Enterprise,Japan,Bronze,SKU-HOM-373,Home & Office,Furniture,221.76,3,665.28,5.0,632.02,52.14,0.0,0.245,WH-CENTRAL-03,Amazon Logistics,5.9,delivered,True
TX-ADACA189C4E2,ORD-4E4A6C0D,2026-08-18T02:33:39.354855+00:00,CUST-2361,Corporate,Singapore,Bronze,SKU-IND-356,Industrial,Fasteners,1593.27,3,4779.81,0.0,4779.81,394.33,0.0,0.3218,WH-APAC-01,FedEx Express,5.4,delivered,False
TX-D9D05E82D662,ORD-6E57D63C,2026-09-17T00:26:39.354855+00:00,CUST-68847,Corporate,France,Silver,SKU-ELE-967,Electronics,Audio,1283.72,10,12837.2,25.0,9627.9,794.3,0.0,0.1599,WH-EU-01,FedEx Express,0.8,delivered,False
TX-1F3892C1A94D,ORD-7A0A699F,2026-09-27T01:10:39.354855+00:00,CUST-18842,Consumer,Japan,Platinum,SKU-ELE-359,Electronics,Displays,389.79,1,389.79,0.0,389.79,32.16,0.0,0.3406,WH-EU-01,Amazon Logistics,4.4,delivered,False
TX-9A96D61E0A34,ORD-09ADEFA7,2026-07-27T08:41:39.354855+00:00,CUST-43055,Consumer,Singapore,Silver,SKU-AUT-754,Automotive,Brakes,852.09,2,1704.18,0.0,1704.18,140.59,0.0,0.1306,WH-CENTRAL-03,Amazon Logistics,2.2,delivered,False
TX-8747127C9807,ORD-55EE805F,2026-07-06T14:00:39.354855+00:00,CUST-59091,Small Business,Canada,Bronze,SKU-AUT-260,Automotive,Brakes,713.09,3,2139.27,5.0,2032.31,167.67,0.0,0.2019,WH-WEST-02,FedEx Express,3.8,delivered,False
TX-62F0D124CA75,ORD-0DAE2BB3,2026-08-06T01:48:39.354855+00:00,CUST-6261,Corporate,Singapore,Bronze,SKU-ELE-753,Electronics,Accessories,893.67,2,1787.34,10.0,1608.61,132.71,0.0,0.123,WH-CENTRAL-03,FedEx Express,6.6,delivered,True
TX-0D7EE0ABC25B,ORD-DF8B8EB5,2026-09-20T03:44:39.354855+00:00,CUST-48772,Consumer,Germany,Silver,SKU-HOM-642,Home & Office,Lighting,314.28,5,1571.4,0.0,1571.4,129.64,0.0,0.3808,WH-WEST-02,FedEx Express,3.0,delivered,False
TX-BB664A011AD4,ORD-39226ABF,2026-07-31T07:40:39.354855+00:00,CUST-38215,Small Business,Japan,Silver,SKU-APP-444,Apparel,Workwear,277.64,1,277.64,0.0,277.64,22.91,0.0,0.1768,WH-EAST-01,UPS Freight,5.0,delivered,False
TX-5252F77A34DD,ORD-BCFF33BF,2026-09-08T19:29:39.354855+00:00,CUST-94969,Small Business,Australia,Bronze,SKU-IND-420,Industrial,Sensors,215.52,1,215.52,5.0,204.74,16.89,11.54,0.4004,WH-CENTRAL-03,Amazon Logistics,3.1,delivered,False
TX-C36596C98105,ORD-510455B3,2026-07-19T15:57:39.354855+00:00,CUST-75020,Small Business,France,Silver,SKU-AUT-814,Automotive,Batteries,698.29,1,698.29,5.0,663.38,54.73,0.0,0.3419,WH-EU-01,UPS Freight,3.2,delivered,False
TX-EA51787B45CC,ORD-B159B5F3,2026-08-28T13:02:39.354855+00:00,CUST-84150,Enterprise,Germany,Platinum,SKU-HOM-661,Home & Office,Storage,106.76,1,106.76,10.0,96.08,7.93,9.53,0.1819,WH-CENTRAL-03,DHL Worldwide,0.8,in_transit,False
TX-1A5150BF6F60,ORD-4523CCA0,2026-07-24T10:13:39.354855+00:00,CUST-49496,Consumer,United Kingdom,Gold,SKU-APP-340,Apparel,Workwear,278.49,3,835.47,0.0,835.47,68.93,0.0,0.2859,WH-WEST-02,Amazon Logistics,8.2,delivered,True
TX-2E96C9EB3793,ORD-65B9299E,2026-09-15T03:32:39.354855+00:00,CUST-19191,Small Business,USA,Platinum,SKU-HOM-469,Home & Office,Lighting,312.58,2,625.16,0.0,625.16,51.58,0.0,0.1613,WH-CENTRAL-03,UPS Freight,0.6,in_transit,False
TX-42345B6892A1,ORD-A1F79ADF,2026-09-05T16:04:39.354855+00:00,CUST-62475,Enterprise,France,Bronze,SKU-APP-388,Apparel,Footwear,94.59,2,189.18,15.0,160.8,13.27,26.93,0.1356,WH-EAST-01,Amazon Logistics,8.9,delivered,True
TX-432ADA13CF07,ORD-0560AF56,2026-07-26T06:34:39.354855+00:00,CUST-45534,Enterprise,United Kingdom,Platinum,SKU-ELE-593,Electronics,Laptops,1269.22,1,1269.22,5.0,1205.76,99.48,0.0,0.3821,WH-CENTRAL-03,DHL Worldwide,3.6,in_transit,False
TX-2CCFC4E72D5F,ORD-75125DA5,2026-08-22T23:43:39.354855+00:00,CUST-48882,Consumer,Australia,Bronze,SKU-ELE-313,Electronics,Accessories,1687.09,2,3374.18,15.0,2868.05,236.61,0.0,0.4143,WH-EU-01,Amazon Logistics,6.4,delivered,True
TX-A3903C84815E,ORD-169863DC,2026-08-22T22:31:39.354855+00:00,CUST-40084,Corporate,France,Silver,SKU-APP-579,Apparel,Footwear,287.64,1,287.64,0.0,287.64,23.73,0.0,0.2839,WH-WEST-02,Amazon Logistics,5.3,delivered,False
TX-906C48A202D7,ORD-53B39D68,2026-08-19T13:40:39.354855+00:00,CUST-53997,Enterprise,France,Silver,SKU-ELE-736,Electronics,Audio,1309.18,1,1309.18,10.0,1178.26,97.21,0.0,0.2411,WH-WEST-02,UPS Freight,0.9,delivered,False
TX-66EB3175DBA2,ORD-CFFB6F5C,2026-09-17T13:44:39.354855+00:00,CUST-19373,Small Business,Australia,Gold,SKU-HOM-963,Home & Office,Furniture,279.63,2,559.26,25.0,419.44,34.6,0.0,0.1301,WH-WEST-02,DHL Worldwide,1.8,delivered,False
TX-2E78AEBB2E82,ORD-EDE5302C,2026-08-12T20:47:39.354855+00:00,CUST-69601,Corporate,Canada,Bronze,SKU-AUT-207,Automotive,Diagnostics,64.79,1,64.79,0.0,64.79,5.35,17.65,0.2118,WH-EU-01,UPS Freight,3.0,delivered,False
TX-CA28087674FF,ORD-D7C803A2,2026-07-04T09:34:39.354855+00:00,CUST-87592,Enterprise,Australia,Gold,SKU-HOM-469,Home & Office,Ergonomics,285.64,1,285.64,5.0,271.36,22.39,0.0,0.4009,WH-CENTRAL-03,DHL Worldwide,4.9,delivered,False
TX-D31CD6833440,ORD-0756AC65,2026-09-30T03:27:39.354855+00:00,CUST-53076,Corporate,Germany,Gold,SKU-APP-787,Apparel,Footwear,181.35,1,181.35,25.0,136.01,11.22,30.52,0.1652,WH-CENTRAL-03,DHL Worldwide,3.5,delivered,False
TX-36E65298C789,ORD-D04FD365,2026-07-12T09:50:39.354855+00:00,CUST-78964,Small Business,USA,Gold,SKU-ELE-984,Electronics,Laptops,763.03,1,763.03,0.0,763.03,62.95,0.0,0.145,WH-APAC-01,DHL Worldwide,3.4,delivered,False
TX-863BFB698603,ORD-AA7D086E,2026-09-17T23:25:39.354855+00:00,CUST-69578,Corporate,Singapore,Bronze,SKU-APP-674,Apparel,Outerwear,61.65,1,61.65,10.0,55.48,4.58,9.18,0.363,WH-WEST-02,DHL Worldwide,3.2,in_transit,False
TX-BEB74DE304F9,ORD-78CEDEBE,2026-09-15T15:12:39.354855+00:00,CUST-90407,Enterprise,Canada,Silver,SKU-AUT-199,Automotive,Brakes,354.9,1,354.9,0.0,354.9,29.28,0.0,0.1285,WH-APAC-01,DHL Worldwide,2.1,in_transit,False
TX-053F5A0BD997,ORD-F4D7966B,2026-08-11T14:20:39.354855+00:00,CUST-16067,Small Business,France,Platinum,SKU-APP-491,Apparel,Footwear,108.6,1,108.6,0.0,108.6,8.96,34.51,0.2305,WH-CENTRAL-03,UPS Freight,6.9,delivered,True
TX-ABB0DD31A2D1,ORD-2CFDDC12,2026-08-08T13:27:39.354855+00:00,CUST-88857,Small Business,United Kingdom,Platinum,SKU-IND-816,Industrial,Sensors,1816.78,2,3633.56,25.0,2725.17,224.83,0.0,0.4634,WH-EAST-01,FedEx Express,5.8,delivered,True
TX-726FFE58961F,ORD-AAF93B9D,2026-07-11T13:54:39.354855+00:00,CUST-55842,Enterprise,Canada,Bronze,SKU-IND-474,Industrial,Motors,1383.7,1,1383.7,10.0,1245.33,102.74,0.0,0.2283,WH-APAC-01,Amazon Logistics,4.6,delivered,False
TX-DB84CDC9BEF5,ORD-B706A52F,2026-09-30T09:07:39.354855+00:00,CUST-10275,Small Business,France,Bronze,SKU-AUT-447,Automotive,Lighting,731.52,3,2194.56,15.0,1865.38,153.89,0.0,0.3785,WH-APAC-01,DHL Worldwide,5.4,pending,False
TX-189318B01792,ORD-841C538B,2026-09-05T14:45:39.354855+00:00,CUST-22021,Enterprise,France,Platinum,SKU-AUT-791,Automotive,Lighting,368.59,1,368.59,5.0,350.16,28.89,0.0,0.3501,WH-EU-01,DHL Worldwide,5.4,in_transit,True
TX-94042CDA262A,ORD-481EFA6B,2026-09-19T07:14:39.354855+00:00,CUST-37988,Corporate,France,Platinum,SKU-ELE-479,Electronics,Accessories,1092.67,1,1092.67,10.0,983.4,81.13,0.0,0.3033,WH-WEST-02,FedEx Express,0.6,in_transit,False
TX-43D0A117B720,ORD-6A175DC2,2026-08-01T15:00:39.354855+00:00,CUST-10456,Consumer,Singapore,Silver,SKU-IND-238,Industrial,Motors,2767.12,2,5534.24,10.0,4980.82,410.92,0.0,0.1683,WH-WEST-02,DHL Worldwide,5.1,in_transit,True
TX-B8BE15C37C01,ORD-3478C21B,2026-09-18T08:04:39.354855+00:00,CUST-61528,Small Business,Singapore,Gold,SKU-AUT-244,Automotive,Batteries,310.5,5,1552.5,25.0,1164.38,96.06,0.0,0.4303,WH-EU-01,DHL Worldwide,2.9,cancelled,False
TX-314E763C391A,ORD-EEB8CB52,2026-07-07T13:31:39.354855+00:00,CUST-9936,Small Business,Canada,Platinum,SKU-HOM-557,Home & Office,Furniture,97.72,3,293.16,0.0,293.16,24.19,0.0,0.1776,WH-CENTRAL-03,FedEx Express,5.8,pending,True
TX-73ABFD4C76A0,ORD-E840D434,2026-07-23T06:17:39.354855+00:00,CUST-33900,Small Business,United Kingdom,Bronze,SKU-APP-750,Apparel,Sportswear,48.49,1,48.49,0.0,48.49,4.0,25.52,0.3898,WH-EU-01,Amazon Logistics,5.0,delivered,False
TX-E3689F902A1B,ORD-2D6BF929,2026-09-09T13:40:39.354855+00:00,CUST-35139,Corporate,USA,Platinum,SKU-APP-856,Apparel,Workwear,82.06,1,82.06,15.0,69.75,5.75,10.22,0.2819,WH-CENTRAL-03,Amazon Logistics,0.9,delivered,False
TX-5FDBA514F157,ORD-3F17DE24,2026-07-04T15:26:39.354855+00:00,CUST-49493,Small Business,USA,Bronze,SKU-ELE-269,Electronics,Audio,1220.44,1,1220.44,0.0,1220.44,100.69,0.0,0.425,WH-CENTRAL-03,FedEx Express,3.7,delivered,False
TX-E034765953B5,ORD-41A1C0EE,2026-07-27T16:21:39.354855+00:00,CUST-13752,Consumer,Japan,Platinum,SKU-ELE-605,Electronics,Accessories,234.74,2,469.48,10.0,422.53,34.86,0.0,0.3198,WH-WEST-02,Amazon Logistics,2.7,delivered,False
TX-B620837F0560,ORD-EC1944C1,2026-09-17T02:51:39.354855+00:00,CUST-2407,Enterprise,United Kingdom,Bronze,SKU-ELE-786,Electronics,Audio,431.87,2,863.74,5.0,820.55,67.7,0.0,0.2548,WH-EU-01,DHL Worldwide,4.2,delivered,False
TX-82A8DEE0D1B1,ORD-98F0BD23,2026-08-19T18:50:39.354855+00:00,CUST-2138,Corporate,Singapore,Bronze,SKU-APP-638,Apparel,Workwear,326.2,1,326.2,15.0,277.27,22.87,0.0,0.3441,WH-EAST-01,FedEx Express,3.8,delivered,False
TX-951812C58D0D,ORD-0E9244E9,2026-07-06T19:27:39.354855+00:00,CUST-23506,Consumer,Japan,Bronze,SKU-APP-456,Apparel,Sportswear,15.68,2,31.36,0.0,31.36,2.59,12.66,0.3027,WH-EU-01,Amazon Logistics,4.3,in_transit,True
TX-C9CD960CEFB8,ORD-53DF303C,2026-09-24T00:41:39.354855+00:00,CUST-77062,Consumer,France,Gold,SKU-ELE-850,Electronics,Displays,552.13,1,552.13,10.0,496.92,41.0,0.0,0.4332,WH-CENTRAL-03,Amazon Logistics,3.8,delivered,False
TX-766F3B884D09,ORD-221183EE,2026-08-16T21:30:39.354855+00:00,CUST-29493,Enterprise,Japan,Silver,SKU-ELE-227,Electronics,Displays,1533.2,2,3066.4,0.0,3066.4,252.98,0.0,0.1575,WH-APAC-01,UPS Freight,3.8,delivered,False
TX-64FEB26B3210,ORD-3310F733,2026-08-12T23:23:39.354855+00:00,CUST-71789,Enterprise,France,Bronze,SKU-ELE-316,Electronics,Laptops,1594.07,1,1594.07,5.0,1514.37,124.94,0.0,0.3702,WH-WEST-02,DHL Worldwide,4.6,pending,False
TX-834909767FF0,ORD-BC844F4C,2026-07-21T20:12:39.354855+00:00,CUST-91821,Consumer,United Kingdom,Gold,SKU-HOM-126,Home & Office,Lighting,67.03,1,67.03,0.0,67.03,5.53,15.06,0.2525,WH-EAST-01,Amazon Logistics,0.8,delivered,False
TX-89E5CAC36A1F,ORD-C2AF6DBF,2026-07-20T23:23:39.354855+00:00,CUST-78983,Small Business,Canada,Silver,SKU-HOM-798,Home & Office,Lighting,50.34,2,100.68,10.0,90.61,7.48,22.8,0.1942,WH-WEST-02,DHL Worldwide,4.8,delivered,False
TX-F23F3DDEB94C,ORD-8CDFDD62,2026-09-24T07:28:39.354855+00:00,CUST-76427,Enterprise,Germany,Silver,SKU-HOM-136,Home & Office,Furniture,187.89,1,187.89,5.0,178.5,14.73,26.8,0.1869,WH-EU-01,UPS Freight,2.1,delivered,False
TX-A3ED9F7C1725,ORD-A2728070,2026-07-04T08:55:39.354855+00:00,CUST-60522,Enterprise,Australia,Silver,SKU-HOM-379,Home & Office,Ergonomics,209.87,1,209.87,0.0,209.87,17.31,22.39,0.2115,WH-APAC-01,DHL Worldwide,3.5,delivered,False
TX-670AF70A3395,ORD-A5395DD8,2026-07-13T04:35:39.354855+00:00,CUST-68488,Corporate,France,Bronze,SKU-ELE-431,Electronics,Audio,1803.49,1,1803.49,15.0,1532.97,126.47,0.0,0.439,WH-APAC-01,UPS Freight,4.0,delivered,False
TX-8AB3FC40F817,ORD-EE17EEDF,2026-08-25T08:11:39.354855+00:00,CUST-1900,Consumer,Japan,Silver,SKU-HOM-466,Home & Office,Lighting,180.85,1,180.85,5.0,171.81,14.17,19.08,0.2601,WH-EAST-01,UPS Freight,0.8,delivered,False
TX-A4F71D41ED11,ORD-28887DEA,2026-07-26T03:21:39.354855+00:00,CUST-20512,Consumer,Germany,Bronze,SKU-AUT-912,Automotive,Lighting,258.39,1,258.39,10.0,232.55,19.19,27.75,0.4085,WH-APAC-01,DHL Worldwide,2.4,pending,False
TX-0E5157ED433D,ORD-4654094C,2026-09-13T16:18:39.354855+00:00,CUST-46818,Consumer,Japan,Gold,SKU-HOM-926,Home & Office,Storage,330.61,1,330.61,15.0,281.02,23.18,0.0,0.3874,WH-WEST-02,Amazon Logistics,4.6,delivered,False
TX-C4728CDFD5EE,ORD-BE6A6E9E,2026-07-27T10:35:39.354855+00:00,CUST-96924,Consumer,USA,Silver,SKU-ELE-926,Electronics,Audio,374.29,3,1122.87,0.0,1122.87,92.64,0.0,0.3308,WH-EU-01,Amazon Logistics,5.2,in_transit,True
TX-A61CFC8F969B,ORD-6E35AE3C,2026-10-01T01:30:39.354855+00:00,CUST-46949,Corporate,USA,Silver,SKU-IND-237,Industrial,Pneumatics,157.13,1,157.13,0.0,157.13,12.96,19.01,0.3244,WH-CENTRAL-03,DHL Worldwide,3.5,delivered,False
TX-53021AECFA1E,ORD-BD8747A4,2026-09-23T00:36:39.354855+00:00,CUST-89649,Consumer,USA,Silver,SKU-HOM-225,Home & Office,Lighting,344.3,5,1721.5,25.0,1291.12,106.52,0.0,0.3434,WH-WEST-02,FedEx Express,1.6,delivered,False
TX-886BDBE8AF6E,ORD-6950ACB9,2026-09-11T16:01:39.354855+00:00,CUST-43414,Enterprise,United Kingdom,Silver,SKU-HOM-175,Home & Office,Storage,134.72,1,134.72,5.0,127.98,10.56,16.39,0.4089,WH-CENTRAL-03,FedEx Express,4.8,delivered,False
TX-D30A49CE61E3,ORD-B5B9E70E,2026-07-19T00:54:39.354855+00:00,CUST-55129,Enterprise,Germany,Platinum,SKU-AUT-333,Automotive,Lighting,278.24,10,2782.4,10.0,2504.16,206.59,0.0,0.4755,WH-WEST-02,DHL Worldwide,5.6,delivered,True
TX-625A75446D00,ORD-3DA5C4B3,2026-09-21T06:05:39.354855+00:00,CUST-74306,Small Business,Singapore,Gold,SKU-HOM-152,Home & Office,Lighting,112.46,1,112.46,10.0,101.21,8.35,25.26,0.2425,WH-WEST-02,Amazon Logistics,0.8,delivered,False
TX-D4CC1D009B99,ORD-FD1BE2EE,2026-08-31T21:02:39.354855+00:00,CUST-9771,Corporate,France,Platinum,SKU-HOM-736,Home & Office,Storage,64.18,10,641.8,15.0,545.53,45.01,0.0,0.1976,WH-EAST-01,UPS Freight,4.8,in_transit,True
TX-E82CDFA5B885,ORD-B3CCD309,2026-08-22T14:45:39.354855+00:00,CUST-79333,Small Business,Canada,Platinum,SKU-IND-916,Industrial,Sensors,459.42,1,459.42,0.0,459.42,37.9,0.0,0.4136,WH-WEST-02,UPS Freight,1.4,delivered,False
TX-09FA9B4718C4,ORD-AADB47E2,2026-07-22T03:55:39.354855+00:00,CUST-97359,Consumer,France,Bronze,SKU-IND-631,Industrial,Sensors,2042.54,1,2042.54,0.0,2042.54,168.51,0.0,0.4229,WH-APAC-01,FedEx Express,2.9,returned,False
TX-2191B6E4930E,ORD-53726A8E,2026-07-04T14:33:39.354855+00:00,CUST-22362,Corporate,Australia,Bronze,SKU-AUT-873,Automotive,Brakes,708.46,5,3542.3,0.0,3542.3,292.24,0.0,0.4174,WH-EU-01,UPS Freight,2.9,in_transit,False
TX-F27599C38DC1,ORD-96414A29,2026-08-25T01:04:39.354855+00:00,CUST-96312,Consumer,Australia,Bronze,SKU-HOM-646,Home & Office,Storage,105.55,1,105.55,0.0,105.55,8.71,13.1,0.2202,WH-APAC-01,FedEx Express,7.5,delivered,True
TX-DAEC3B260505,ORD-E23DE691,2026-09-22T17:56:39.354855+00:00,CUST-29663,Corporate,Japan,Platinum,SKU-HOM-192,Home & Office,Ergonomics,272.84,1,272.84,5.0,259.2,21.38,0.0,0.3902,WH-EAST-01,Amazon Logistics,2.3,delivered,False
TX-A362859C8BBD,ORD-F2557A6A,2026-08-31T14:52:39.354855+00:00,CUST-5257,Consumer,Canada,Silver,SKU-AUT-674,Automotive,Diagnostics,126.63,1,126.63,10.0,113.97,9.4,12.47,0.3807,WH-EAST-01,UPS Freight,3.7,delivered,False
TX-34F2DE6CE71B,ORD-78FFE0BE,2026-08-22T19:20:39.354855+00:00,CUST-70655,Small Business,France,Platinum,SKU-ELE-878,Electronics,Audio,1694.16,1,1694.16,5.0,1609.45,132.78,0.0,0.3121,WH-CENTRAL-03,FedEx Express,1.0,in_transit,False
TX-94A09B419CCC,ORD-89EEA96F,2026-09-22T23:05:39.354855+00:00,CUST-71408,Small Business,France,Bronze,SKU-ELE-577,Electronics,Displays,1271.63,2,2543.26,10.0,2288.93,188.84,0.0,0.385,WH-APAC-01,Amazon Logistics,3.9,in_transit,False
TX-171891CDF1EC,ORD-8C9F5E95,2026-09-10T20:48:39.354855+00:00,CUST-23114,Corporate,Japan,Silver,SKU-AUT-741,Automotive,Brakes,457.16,1,457.16,0.0,457.16,37.72,0.0,0.1522,WH-WEST-02,DHL Worldwide,4.1,delivered,False
TX-E92986EB3C35,ORD-38EB0443,2026-07-27T12:17:39.354855+00:00,CUST-74684,Enterprise,France,Platinum,SKU-IND-940,Industrial,Fasteners,1477.89,1,1477.89,0.0,1477.89,121.93,0.0,0.4253,WH-WEST-02,UPS Freight,2.2,delivered,False
TX-B60114CE500B,ORD-91A2B12A,2026-07-14T23:29:39.354855+00:00,CUST-15392,Enterprise,Australia,Platinum,SKU-APP-596,Apparel,Outerwear,205.89,1,205.89,25.0,154.42,12.74,31.73,0.1271,WH-CENTRAL-03,FedEx Express,4.7,delivered,False
TX-3F32441AFA3D,ORD-91436B86,2026-07-23T03:42:39.354855+00:00,CUST-81383,Small Business,Canada,Silver,SKU-HOM-867,Home & Office,Ergonomics,312.65,1,312.65,15.0,265.75,21.92,0.0,0.4255,WH-WEST-02,DHL Worldwide,1.7,in_transit,False
TX-87A101D668D8,ORD-7C337D4D,2026-07-24T03:55:39.354855+00:00,CUST-44847,Small Business,France,Gold,SKU-IND-470,Industrial,Fasteners,2688.68,3,8066.04,25.0,6049.53,499.09,0.0,0.4049,WH-WEST-02,FedEx Express,3.2,in_transit,False
TX-BFAFAF9B65DF,ORD-73870829,2026-07-20T12:24:39.354855+00:00,CUST-20228,Small Business,Canada,Platinum,SKU-APP-773,Apparel,Footwear,77.12,1,77.12,15.0,65.55,5.41,13.6,0.3591,WH-WEST-02,Amazon Logistics,6.8,delivered,True
TX-5333E64E3933,ORD-710AC126,2026-08-15T02:04:39.354855+00:00,CUST-95106,Consumer,Singapore,Gold,SKU-IND-148,Industrial,Sensors,1983.93,2,3967.86,5.0,3769.47,310.98,0.0,0.3488,WH-WEST-02,Amazon Logistics,2.0,delivered,False
TX-0BC3C5853EDA,ORD-37586781,2026-07-28T15:14:39.354855+00:00,CUST-34506,Consumer,USA,Silver,SKU-ELE-172,Electronics,Accessories,1565.17,3,4695.51,10.0,4225.96,348.64,0.0,0.3522,WH-APAC-01,Amazon Logistics,4.4,delivered,False
TX-4A2AD9BE60D3,ORD-AD1876F1,2026-09-22T04:42:39.354855+00:00,CUST-99890,Enterprise,United Kingdom,Gold,SKU-APP-773,Apparel,Footwear,257.03,1,257.03,10.0,231.33,19.08,29.56,0.3236,WH-CENTRAL-03,DHL Worldwide,4.1,delivered,False
TX-60AED3A5A04D,ORD-B0C92D02,2026-09-25T07:21:39.354855+00:00,CUST-32030,Corporate,Australia,Bronze,SKU-AUT-580,Automotive,Lighting,54.91,3,164.73,0.0,164.73,13.59,14.11,0.199,WH-APAC-01,Amazon Logistics,2.1,returned,False
TX-4DDD4C121116,ORD-9E40B722,2026-08-03T20:35:39.354855+00:00,CUST-60273,Enterprise,Japan,Gold,SKU-APP-398,Apparel,Workwear,25.55,1,25.55,15.0,21.72,1.79,19.7,0.3979,WH-CENTRAL-03,FedEx Express,4.4,delivered,False
TX-824B2CCC5A60,ORD-C860F5CD,2026-08-05T10:16:39.354855+00:00,CUST-13915,Consumer,Singapore,Gold,SKU-IND-746,Industrial,Pneumatics,2402.67,1,2402.67,0.0,2402.67,198.22,0.0,0.4178,WH-CENTRAL-03,UPS Freight,2.7,in_transit,False
TX-0F973D04B58C,ORD-1494E0A3,2026-08-24T18:09:39.354855+00:00,CUST-31448,Enterprise,United Kingdom,Bronze,SKU-HOM-522,Home & Office,Storage,194.06,1,194.06,0.0,194.06,16.01,21.85,0.3516,WH-EAST-01,Amazon Logistics,2.9,delivered,False
TX-91CEF61DF059,ORD-38F2DAF0,2026-08-23T06:52:39.354855+00:00,CUST-24964,Enterprise,Canada,Gold,SKU-ELE-757,Electronics,Laptops,1382.35,1,1382.35,5.0,1313.23,108.34,0.0,0.4175,WH-EAST-01,UPS Freight,4.4,in_transit,True
TX-75F1614B970D,ORD-0F15F215,2026-09-09T21:52:39.354855+00:00,CUST-47802,Consumer,United Kingdom,Silver,SKU-ELE-701,Electronics,Laptops,1301.93,1,1301.93,10.0,1171.74,96.67,0.0,0.3681,WH-CENTRAL-03,UPS Freight,1.3,delivered,False
TX-FDDACF07DBA5,ORD-7B4B875B,2026-09-04T10:35:39.354855+00:00,CUST-10374,Consumer,Japan,Platinum,SKU-AUT-972,Automotive,Batteries,307.32,2,614.64,5.0,583.91,48.17,0.0,0.4509,WH-APAC-01,Amazon Logistics,1.2,delivered,False
TX-A7728107E7B8,ORD-EAFE53CC,2026-07-07T05:07:39.354855+00:00,CUST-53348,Corporate,USA,Bronze,SKU-APP-622,Apparel,Sportswear,330.42,2,660.84,10.0,594.76,49.07,0.0,0.2717,WH-WEST-02,DHL Worldwide,1.5,delivered,False
TX-E5AFC16EFDD2,ORD-76D3ABD3,2026-09-29T13:20:39.354855+00:00,CUST-38885,Small Business,Singapore,Platinum,SKU-IND-966,Industrial,Hydraulics,555.29,3,1665.87,0.0,1665.87,137.43,0.0,0.4132,WH-EU-01,FedEx Express,3.7,delivered,False
TX-CE4B4BD96F25,ORD-5F7DB90B,2026-09-10T14:22:39.354855+00:00,CUST-91317,Consumer,USA,Bronze,SKU-ELE-888,Electronics,Displays,927.13,1,927.13,5.0,880.77,72.66,0.0,0.3829,WH-CENTRAL-03,Amazon Logistics,3.9,delivered,False
TX-AD6772F96025,ORD-AC3724B1,2026-08-14T10:58:39.354855+00:00,CUST-62692,Consumer,Singapore,Platinum,SKU-AUT-536,Automotive,Brakes,769.42,2,1538.84,0.0,1538.84,126.95,0.0,0.3037,WH-APAC-01,DHL Worldwide,4.3,delivered,False
TX-03DD02938310,ORD-E1EC038C,2026-09-16T06:36:39.354855+00:00,CUST-72982,Consumer,Germany,Silver,SKU-AUT-987,Automotive,Diagnostics,220.99,2,441.98,0.0,441.98,36.46,0.0,0.1226,WH-WEST-02,Amazon Logistics,2.6,delivered,False
TX-8CDBC1E11926,ORD-C4133646,2026-08-04T17:25:39.354855+00:00,CUST-97405,Consumer,Germany,Bronze,SKU-ELE-698,Electronics,Accessories,1634.51,1,1634.51,10.0,1471.06,121.36,0.0,0.3271,WH-WEST-02,DHL Worldwide,0.8,cancelled,False
TX-8420A04CCFDD,ORD-1F028C22,2026-08-06T06:25:39.354855+00:00,CUST-90541,Enterprise,United Kingdom,Platinum,SKU-AUT-627,Automotive,Lighting,323.85,1,323.85,25.0,242.89,20.04,34.65,0.2692,WH-WEST-02,UPS Freight,2.3,delivered,False
TX-944DA1F6B966,ORD-9E79A764,2026-07-14T15:12:39.354855+00:00,CUST-29730,Enterprise,USA,Bronze,SKU-IND-760,Industrial,Sensors,1171.39,1,1171.39,15.0,995.68,82.14,0.0,0.2093,WH-WEST-02,DHL Worldwide,3.8,cancelled,False
TX-F3F058494B60,ORD-610AF044,2026-08-24T00:41:39.354855+00:00,CUST-77955,Consumer,Japan,Bronze,SKU-AUT-568,Automotive,Lighting,281.82,2,563.64,0.0,563.64,46.5,0.0,0.1414,WH-WEST-02,DHL Worldwide,2.4,delivered,False
TX-E5A0311CB930,ORD-94E3EED6,2026-09-03T00:45:39.354855+00:00,CUST-65214,Consumer,France,Bronze,SKU-APP-948,Apparel,Outerwear,23.41,1,23.41,5.0,22.24,1.83,26.36,0.2943,WH-APAC-01,FedEx Express,2.1,returned,False
TX-3539ADBA0404,ORD-A0B3F1EF,2026-08-26T08:36:39.354855+00:00,CUST-40189,Enterprise,Canada,Platinum,SKU-AUT-880,Automotive,Lighting,481.75,1,481.75,10.0,433.57,35.77,0.0,0.2048,WH-CENTRAL-03,FedEx Express,4.1,delivered,False
TX-FE4ED4841F21,ORD-7A08D2CA,2026-09-30T20:57:39.354855+00:00,CUST-93506,Corporate,Japan,Silver,SKU-APP-318,Apparel,Outerwear,88.61,3,265.83,0.0,265.83,21.93,0.0,0.1434,WH-EU-01,Amazon Logistics,6.3,in_transit,True
TX-5E7C31973FBC,ORD-3DD687C9,2026-07-18T03:54:39.354855+00:00,CUST-6262,Small Business,Germany,Gold,SKU-HOM-201,Home & Office,Lighting,155.13,1,155.13,0.0,155.13,12.8,24.45,0.1298,WH-EU-01,FedEx Express,5.2,delivered,False
TX-60DBD27810FE,ORD-042CD4F3,2026-09-23T21:57:39.354855+00:00,CUST-45958,Consumer,Japan,Bronze,SKU-IND-329,Industrial,Sensors,2102.51,1,2102.51,25.0,1576.88,130.09,0.0,0.27,WH-EAST-01,Amazon Logistics,1.2,delivered,False
TX-A80A0DFC7DF6,ORD-3F16324F,2026-08-11T00:10:39.354855+00:00,CUST-52332,Enterprise,USA,Bronze,SKU-HOM-269,Home & Office,Ergonomics,161.57,2,323.14,0.0,323.14,26.66,0.0,0.1298,WH-EU-01,FedEx Express,6.6,delivered,True
TX-F8DF8735C07F,ORD-4941D479,2026-09-10T14:27:39.354855+00:00,CUST-71791,Corporate,Australia,Gold,SKU-IND-803,Industrial,Hydraulics,2664.89,1,2664.89,0.0,2664.89,219.85,0.0,0.2987,WH-EAST-01,UPS Freight,4.6,delivered,False
TX-1A1DB3C5D42B,ORD-F4278BC6,2026-09-14T03:13:39.354855+00:00,CUST-50929,Corporate,United Kingdom,Platinum,SKU-HOM-365,Home & Office,Furniture,137.7,1,137.7,0.0,137.7,11.36,27.74,0.1631,WH-CENTRAL-03,DHL Worldwide,5.0,in_transit,True
TX-C847FE92F01C,ORD-0EC94CD5,2026-09-14T20:06:39.354855+00:00,CUST-49292,Small Business,Japan,Silver,SKU-IND-474,Industrial,Pneumatics,2564.54,5,12822.7,15.0,10899.3,899.19,0.0,0.3036,WH-CENTRAL-03,DHL Worldwide,4.6,delivered,False
TX-9EC94819D2C6,ORD-F76E2B09,2026-08-27T01:07:39.354855+00:00,CUST-54433,Small Business,Japan,Bronze,SKU-APP-134,Apparel,Sportswear,322.6,1,322.6,5.0,306.47,25.28,0.0,0.2752,WH-EAST-01,FedEx Express,5.9,returned,True
TX-B09531CABED2,ORD-AC6287F2,2026-07-05T20:51:39.354855+00:00,CUST-75941,Consumer,Singapore,Bronze,SKU-APP-663,Apparel,Sportswear,171.96,2,343.92,5.0,326.72,26.95,0.0,0.3646,WH-WEST-02,UPS Freight,4.4,in_transit,True
TX-83435D9495D2,ORD-701B3290,2026-09-16T19:21:39.354855+00:00,CUST-78913,Consumer,USA,Platinum,SKU-HOM-601,Home & Office,Lighting,16.46,3,49.38,0.0,49.38,4.07,31.2,0.449,WH-APAC-01,DHL Worldwide,1.2,in_transit,False
TX-8FEB22FDDF96,ORD-5B4DCCE5,2026-08-24T22:39:39.354855+00:00,CUST-79199,Enterprise,Australia,Bronze,SKU-IND-573,Industrial,Fasteners,2489.39,1,2489.39,0.0,2489.39,205.37,0.0,0.1964,WH-WEST-02,DHL Worldwide,4.3,delivered,False
TX-788F52366C41,ORD-CD93C8C5,2026-07-16T11:39:39.354855+00:00,CUST-55650,Consumer,USA,Bronze,SKU-ELE-377,Electronics,Smartphones,1525.64,2,3051.28,0.0,3051.28,251.73,0.0,0.1513,WH-EU-01,Amazon Logistics,3.4,delivered,False
TX-099A85BA2170,ORD-4E2AAA74,2026-08-27T07:39:39.354855+00:00,CUST-20618,Consumer,Germany,Gold,SKU-AUT-601,Automotive,Diagnostics,359.69,1,359.69,15.0,305.74,25.22,0.0,0.3726,WH-WEST-02,Amazon Logistics,3.7,delivered,False
TX-8D570B8D6574,ORD-03B2D3DD,2026-07-13T09:21:39.354855+00:00,CUST-72414,Corporate,USA,Bronze,SKU-APP-595,Apparel,Sportswear,121.86,1,121.86,0.0,121.86,10.05,11.49,0.4461,WH-APAC-01,Amazon Logistics,4.8,delivered,False
TX-FD4F65609B3E,ORD-05E7B020,2026-08-20T10:56:39.354855+00:00,CUST-21339,Small Business,United Kingdom,Gold,SKU-AUT-752,Automotive,Batteries,600.9,1,600.9,0.0,600.9,49.57,0.0,0.1373,WH-APAC-01,DHL Worldwide,4.7,delivered,False
TX-F7BB93212625,ORD-B128770D,2026-07-20T00:59:39.354855+00:00,CUST-33778,Enterprise,Germany,Platinum,SKU-HOM-197,Home & Office,Lighting,125.25,1,125.25,10.0,112.73,9.3,18.89,0.2368,WH-WEST-02,FedEx Express,4.0,delivered,False
TX-2CD49CCB3E08,ORD-1F7E6EF0,2026-09-28T03:41:39.354855+00:00,CUST-59255,Enterprise,Singapore,Silver,SKU-ELE-230,Electronics,Laptops,859.65,5,4298.25,15.0,3653.51,301.41,0.0,0.4199,WH-APAC-01,UPS Freight,2.5,delivered,False
TX-C775406B1BD3,ORD-EF43AC64,2026-08-06T17:32:39.354855+00:00,CUST-30268,Corporate,Australia,Platinum,SKU-IND-238,Industrial,Pneumatics,701.95,1,701.95,0.0,701.95,57.91,0.0,0.1217,WH-EU-01,FedEx Express,5.6,in_transit,True
TX-EAE4CF6C0108,ORD-AC7840A0,2026-08-20T17:30:39.354855+00:00,CUST-42341,Corporate,United Kingdom,Silver,SKU-ELE-594,Electronics,Laptops,297.72,1,297.72,0.0,297.72,24.56,0.0,0.2405,WH-WEST-02,Amazon Logistics,1.1,in_transit,False
TX-DF6E38DF92A4,ORD-0D426252,2026-07-09T22:10:39.354855+00:00,CUST-20746,Corporate,United Kingdom,Gold,SKU-HOM-559,Home & Office,Storage,123.42,1,123.42,5.0,117.25,9.67,16.04,0.4786,WH-EU-01,Amazon Logistics,6.9,delivered,True
TX-2CAE9FA3F44D,ORD-DFBDA88E,2026-09-19T07:46:39.354855+00:00,CUST-8246,Corporate,United Kingdom,Silver,SKU-ELE-191,Electronics,Audio,728.45,3,2185.35,0.0,2185.35,180.29,0.0,0.4691,WH-APAC-01,UPS Freight,4.3,in_transit,True
TX-750A7568BEBE,ORD-7911C89D,2026-07-03T16:56:39.354855+00:00,CUST-2004,Enterprise,Japan,Platinum,SKU-HOM-447,Home & Office,Ergonomics,133.11,1,133.11,5.0,126.45,10.43,30.93,0.3691,WH-CENTRAL-03,UPS Freight,4.9,in_transit,True
TX-551986DADC2C,ORD-87885FD9,2026-07-05T00:31:39.354855+00:00,CUST-71792,Consumer,Australia,Gold,SKU-HOM-191,Home & Office,Lighting,130.19,2,260.38,0.0,260.38,21.48,0.0,0.4527,WH-CENTRAL-03,FedEx Express,3.1,delivered,False
TX-D050C66E7AE8,ORD-6CCD71B9,2026-09-20T14:09:39.354855+00:00,CUST-18868,Corporate,Australia,Silver,SKU-AUT-164,Automotive,Brakes,487.42,2,974.84,10.0,877.36,72.38,0.0,0.2709,WH-WEST-02,DHL Worldwide,3.2,delivered,False
TX-9B8D02D900BF,ORD-928F8E7D,2026-08-07T11:12:39.354855+00:00,CUST-61518,Corporate,France,Platinum,SKU-HOM-644,Home & Office,Ergonomics,183.55,2,367.1,0.0,367.1,30.29,0.0,0.2264,WH-EU-01,FedEx Express,4.2,pending,False
TX-AAE9F6CEDC7F,ORD-B0FBA053,2026-07-14T16:59:39.354855+00:00,CUST-1406,Corporate,United Kingdom,Bronze,SKU-IND-723,Industrial,Pneumatics,151.35,1,151.35,0.0,151.35,12.49,9.09,0.2306,WH-EAST-01,DHL Worldwide,4.2,delivered,False
TX-DA0490AFC638,ORD-BC526BB3,2026-09-03T17:59:39.354855+00:00,CUST-94874,Corporate,Australia,Bronze,SKU-HOM-296,Home & Office,Lighting,229.61,5,1148.05,15.0,975.84,80.51,0.0,0.3361,WH-CENTRAL-03,DHL Worldwide,3.4,in_transit,False
TX-32256ADEBE1A,ORD-90C0B130,2026-08-17T07:02:39.354855+00:00,CUST-7026,Corporate,Germany,Gold,SKU-APP-342,Apparel,Sportswear,125.32,10,1253.2,0.0,1253.2,103.39,0.0,0.4,WH-CENTRAL-03,UPS Freight,4.3,cancelled,False
TX-589BA9EFF51E,ORD-95D80D12,2026-07-30T07:32:39.354855+00:00,CUST-52550,Small Business,Japan,Bronze,SKU-IND-319,Industrial,Hydraulics,2665.8,2,5331.6,15.0,4531.86,373.88,0.0,0.351,WH-APAC-01,DHL Worldwide,0.8,in_transit,False
TX-62297A5CB23F,ORD-323A0385,2026-07-07T00:54:39.354855+00:00,CUST-35007,Consumer,United Kingdom,Platinum,SKU-AUT-205,Automotive,Diagnostics,83.22,2,166.44,10.0,149.8,12.36,31.27,0.4052,WH-EAST-01,DHL Worldwide,5.9,delivered,True
TX-CA460D1F836C,ORD-D391CBC8,2026-07-28T01:02:39.354855+00:00,CUST-64007,Enterprise,Australia,Silver,SKU-HOM-199,Home & Office,Furniture,255.52,3,766.56,0.0,766.56,63.24,0.0,0.2901,WH-WEST-02,UPS Freight,3.9,delivered,False
TX-D046BB6DD0CA,ORD-15139E54,2026-09-19T21:37:39.354855+00:00,CUST-3633,Enterprise,Japan,Platinum,SKU-APP-650,Apparel,Outerwear,53.09,2,106.18,15.0,90.25,7.45,10.01,0.1401,WH-APAC-01,UPS Freight,7.0,in_transit,True
TX-D833333A0139,ORD-AEEAC326,2026-09-18T19:37:39.354855+00:00,CUST-86316,Consumer,United Kingdom,Silver,SKU-ELE-339,Electronics,Displays,155.54,1,155.54,0.0,155.54,12.83,14.16,0.2854,WH-EU-01,Amazon Logistics,1.0,delivered,False
TX-EE5B3D08C59D,ORD-C43AA0C2,2026-08-06T22:02:39.354855+00:00,CUST-86494,Small Business,France,Gold,SKU-ELE-598,Electronics,Audio,627.71,1,627.71,0.0,627.71,51.79,0.0,0.39,WH-WEST-02,DHL Worldwide,6.8,delivered,True
TX-6371277651DF,ORD-94DDC296,2026-08-09T16:54:39.354855+00:00,CUST-83849,Consumer,United Kingdom,Silver,SKU-AUT-565,Automotive,Lighting,134.82,1,134.82,10.0,121.34,10.01,17.88,0.4725,WH-EU-01,UPS Freight,1.8,delivered,False
TX-C955CDD62A1B,ORD-6F067F5C,2026-07-08T22:50:39.354855+00:00,CUST-17963,Enterprise,United Kingdom,Platinum,SKU-IND-984,Industrial,Motors,1148.71,1,1148.71,0.0,1148.71,94.77,0.0,0.1634,WH-APAC-01,UPS Freight,4.1,delivered,False
TX-0DBFD45BC32A,ORD-88BAC755,2026-07-09T13:18:39.354855+00:00,CUST-14141,Enterprise,USA,Gold,SKU-ELE-106,Electronics,Accessories,1309.62,1,1309.62,0.0,1309.62,108.04,0.0,0.178,WH-EAST-01,UPS Freight,4.5,delivered,False
TX-726A1916B55D,ORD-7D1C6454,2026-09-20T14:13:39.354855+00:00,CUST-85498,Corporate,Japan,Bronze,SKU-AUT-115,Automotive,Batteries,549.73,1,549.73,15.0,467.27,38.55,0.0,0.2704,WH-EU-01,DHL Worldwide,2.9,delivered,False
TX-03C280D601C5,ORD-B60B0FD7,2026-08-08T15:06:39.354855+00:00,CUST-14846,Enterprise,USA,Bronze,SKU-ELE-523,Electronics,Audio,1218.81,1,1218.81,5.0,1157.87,95.52,0.0,0.4332,WH-EAST-01,FedEx Express,1.6,delivered,False
TX-1C7052F406C5,ORD-0BD6F817,2026-07-19T08:05:39.354855+00:00,CUST-94050,Small Business,Canada,Gold,SKU-HOM-342,Home & Office,Ergonomics,253.12,3,759.36,15.0,645.46,53.25,0.0,0.4796,WH-CENTRAL-03,UPS Freight,1.6,delivered,False
TX-6F6CA96D9116,ORD-B781BCB5,2026-08-01T01:33:39.354855+00:00,CUST-45968,Enterprise,United Kingdom,Platinum,SKU-HOM-883,Home & Office,Lighting,202.6,1,202.6,0.0,202.6,16.71,20.64,0.2773,WH-EU-01,UPS Freight,1.2,delivered,False
TX-D2D59E694C0E,ORD-1AFB0BD1,2026-09-25T09:13:39.354855+00:00,CUST-75814,Small Business,Australia,Gold,SKU-HOM-690,Home & Office,Ergonomics,45.77,1,45.77,0.0,45.77,3.78,25.32,0.179,WH-EU-01,Amazon Logistics,5.0,delivered,False
TX-96A40B372DB1,ORD-6EBCCD80,2026-09-03T02:29:39.354855+00:00,CUST-14883,Consumer,Canada,Silver,SKU-AUT-322,Automotive,Brakes,228.63,1,228.63,0.0,228.63,18.86,31.08,0.3162,WH-CENTRAL-03,Amazon Logistics,4.6,delivered,False
TX-EE150099E487,ORD-56F7F45B,2026-09-01T17:13:39.354855+00:00,CUST-24367,Corporate,Germany,Gold,SKU-AUT-213,Automotive,Batteries,149.76,1,149.76,0.0,149.76,12.36,19.06,0.3864,WH-WEST-02,Amazon Logistics,4.6,delivered,False
TX-80E8916832E7,ORD-F4B1CD8A,2026-07-14T07:57:39.354855+00:00,CUST-32918,Enterprise,Germany,Silver,SKU-APP-260,Apparel,Footwear,22.59,1,22.59,5.0,21.46,1.77,12.53,0.1313,WH-EAST-01,Amazon Logistics,5.0,returned,False
TX-BB47701EC8C5,ORD-60B0ADBE,2026-07-23T23:17:39.354855+00:00,CUST-53530,Consumer,United Kingdom,Platinum,SKU-ELE-238,Electronics,Audio,310.73,1,310.73,0.0,310.73,25.64,0.0,0.1996,WH-EAST-01,FedEx Express,4.1,delivered,False
TX-5DF19B20FAC1,ORD-243DA1EB,2026-07-20T05:00:39.354855+00:00,CUST-6183,Consumer,Canada,Bronze,SKU-IND-830,Industrial,Hydraulics,708.04,3,2124.12,5.0,2017.91,166.48,0.0,0.2841,WH-CENTRAL-03,FedEx Express,5.1,in_transit,True
TX-C0B2158737D6,ORD-2A357DFD,2026-08-15T13:45:39.354855+00:00,CUST-23494,Enterprise,Australia,Platinum,SKU-ELE-205,Electronics,Smartphones,1842.02,1,1842.02,5.0,1749.92,144.37,0.0,0.3054,WH-CENTRAL-03,UPS Freight,3.0,in_transit,False
TX-8D64B5096F28,ORD-DE0198A7,2026-08-29T09:26:39.354855+00:00,CUST-59809,Enterprise,Germany,Bronze,SKU-IND-601,Industrial,Hydraulics,1660.51,1,1660.51,0.0,1660.51,136.99,0.0,0.2977,WH-EU-01,FedEx Express,4.8,delivered,False
TX-8ED9B55F8300,ORD-028794AE,2026-10-01T00:01:39.354855+00:00,CUST-73891,Enterprise,Japan,Silver,SKU-IND-272,Industrial,Motors,2493.61,1,2493.61,10.0,2244.25,185.15,0.0,0.3437,WH-CENTRAL-03,DHL Worldwide,2.5,delivered,False
TX-4E9E08FFF10D,ORD-9D959F21,2026-08-21T13:09:39.354855+00:00,CUST-72169,Small Business,United Kingdom,Silver,SKU-ELE-673,Electronics,Smartphones,368.29,1,368.29,10.0,331.46,27.35,0.0,0.3035,WH-CENTRAL-03,UPS Freight,6.1,in_transit,True
TX-5CF371C205FC,ORD-2FD13658,2026-09-09T18:47:39.354855+00:00,CUST-84352,Small Business,Germany,Gold,SKU-HOM-739,Home & Office,Lighting,282.57,2,565.14,0.0,565.14,46.62,0.0,0.4543,WH-EAST-01,UPS Freight,3.6,in_transit,False
TX-01FDBA8A313E,ORD-46487259,2026-07-09T22:34:39.354855+00:00,CUST-18497,Enterprise,Japan,Platinum,SKU-APP-517,Apparel,Outerwear,182.2,1,182.2,0.0,182.2,15.03,34.24,0.3503,WH-EAST-01,UPS Freight,2.5,delivered,False
TX-53EF2E99F8BC,ORD-EB11E0A6,2026-08-07T12:27:39.354855+00:00,CUST-37961,Consumer,USA,Platinum,SKU-AUT-548,Automotive,Batteries,623.04,1,623.04,0.0,623.04,51.4,0.0,0.4791,WH-EAST-01,FedEx Express,3.0,cancelled,False
TX-A609EF3C757E,ORD-4574C593,2026-07-31T17:12:39.354855+00:00,CUST-84615,Enterprise,USA,Gold,SKU-IND-658,Industrial,Hydraulics,3015.29,2,6030.58,25.0,4522.93,373.14,0.0,0.1275,WH-EAST-01,FedEx Express,4.6,in_transit,True
TX-1C0C447FFBD3,ORD-62684E8F,2026-09-15T23:15:39.354855+00:00,CUST-38684,Small Business,United Kingdom,Silver,SKU-AUT-189,Automotive,Batteries,579.09,1,579.09,5.0,550.14,45.39,0.0,0.2892,WH-APAC-01,FedEx Express,4.5,in_transit,True
TX-75B77F377B0A,ORD-3C7B9C4D,2026-07-26T17:01:39.354855+00:00,CUST-72880,Small Business,Japan,Silver,SKU-AUT-774,Automotive,Batteries,701.51,2,1403.02,0.0,1403.02,115.75,0.0,0.1971,WH-EAST-01,Amazon Logistics,3.1,delivered,False
TX-206506C970AC,ORD-B56B2AC1,2026-08-14T09:15:39.354855+00:00,CUST-48435,Enterprise,Canada,Bronze,SKU-IND-579,Industrial,Sensors,1929.21,1,1929.21,0.0,1929.21,159.16,0.0,0.3217,WH-EU-01,FedEx Express,4.9,delivered,False
TX-C783F1E5D39B,ORD-57687F40,2026-09-21T23:13:39.354855+00:00,CUST-5178,Consumer,United Kingdom,Silver,SKU-IND-137,Industrial,Sensors,2971.35,1,2971.35,5.0,2822.78,232.88,0.0,0.4598,WH-EAST-01,Amazon Logistics,2.9,delivered,False
TX-ECC9B53634E6,ORD-A580D5C4,2026-07-05T05:47:39.354855+00:00,CUST-41172,Enterprise,Australia,Silver,SKU-IND-769,Industrial,Sensors,2286.35,1,2286.35,10.0,2057.72,169.76,0.0,0.1397,WH-CENTRAL-03,Amazon Logistics,5.3,delivered,False
TX-C520D4883B84,ORD-F0067B54,2026-09-18T01:02:39.354855+00:00,CUST-34087,Consumer,Germany,Bronze,SKU-APP-409,Apparel,Outerwear,163.32,1,163.32,15.0,138.82,11.45,22.44,0.3138,WH-CENTRAL-03,Amazon Logistics,4.2,delivered,False
TX-C0327EA9FC02,ORD-DE7B41C2,2026-08-22T18:23:39.354855+00:00,CUST-66167,Consumer,United Kingdom,Gold,SKU-APP-433,Apparel,Workwear,180.47,1,180.47,0.0,180.47,14.89,9.64,0.4038,WH-APAC-01,FedEx Express,7.0,delivered,True
TX-2B2D9EFEEFAE,ORD-D268318B,2026-08-31T14:24:39.354855+00:00,CUST-27523,Corporate,Japan,Bronze,SKU-AUT-607,Automotive,Brakes,317.45,1,317.45,15.0,269.83,22.26,0.0,0.1313,WH-CENTRAL-03,DHL Worldwide,6.5,delivered,True
TX-EC88B23C4E68,ORD-3B1286A3,2026-09-18T01:43:39.354855+00:00,CUST-17413,Corporate,Germany,Platinum,SKU-APP-840,Apparel,Workwear,74.3,3,222.9,5.0,211.75,17.47,18.51,0.4771,WH-WEST-02,DHL Worldwide,3.2,delivered,False
TX-0C29A81BCE74,ORD-82195EC0,2026-08-31T08:51:39.354855+00:00,CUST-2731,Small Business,Australia,Silver,SKU-AUT-150,Automotive,Lighting,793.06,5,3965.3,0.0,3965.3,327.14,0.0,0.1277,WH-WEST-02,UPS Freight,5.2,delivered,False
TX-94E15103BADB,ORD-C4F48529,2026-09-29T23:10:39.354855+00:00,CUST-44230,Consumer,Canada,Gold,SKU-APP-339,Apparel,Outerwear,201.68,1,201.68,0.0,201.68,16.64,31.62,0.4712,WH-WEST-02,UPS Freight,3.8,delivered,False
TX-68A2CAF08CA2,ORD-20FBC1DD,2026-07-14T02:47:39.354855+00:00,CUST-47907,Consumer,France,Gold,SKU-HOM-423,Home & Office,Ergonomics,187.67,1,187.67,10.0,168.9,13.93,32.15,0.4533,WH-CENTRAL-03,DHL Worldwide,2.1,delivered,False
TX-32BBD3B605D4,ORD-36398022,2026-09-11T12:50:39.354855+00:00,CUST-49285,Corporate,USA,Platinum,SKU-APP-222,Apparel,Footwear,242.6,1,242.6,0.0,242.6,20.01,15.75,0.3928,WH-WEST-02,Amazon Logistics,1.6,in_transit,False
TX-B6CB8598DF7F,ORD-FA584B52,2026-09-20T18:25:39.354855+00:00,CUST-45786,Enterprise,France,Platinum,SKU-IND-785,Industrial,Fasteners,1101.56,1,1101.56,5.0,1046.48,86.33,0.0,0.3076,WH-EAST-01,FedEx Express,2.9,delivered,False
TX-15D7A977BC79,ORD-389D1421,2026-09-01T19:22:39.354855+00:00,CUST-82053,Small Business,Australia,Platinum,SKU-IND-770,Industrial,Fasteners,997.54,3,2992.62,15.0,2543.73,209.86,0.0,0.2287,WH-WEST-02,Amazon Logistics,4.8,delivered,False
TX-FA28367E4C6A,ORD-8ECF5458,2026-09-21T07:25:39.354855+00:00,CUST-22232,Small Business,Australia,Gold,SKU-ELE-155,Electronics,Displays,599.39,2,1198.78,5.0,1138.84,93.95,0.0,0.2294,WH-EU-01,DHL Worldwide,8.0,delivered,True
TX-B6F6E4500AF3,ORD-8E46E260,2026-08-20T14:30:39.354855+00:00,CUST-84582,Corporate,Germany,Gold,SKU-ELE-272,Electronics,Accessories,369.14,1,369.14,10.0,332.23,27.41,0.0,0.2262,WH-WEST-02,UPS Freight,5.2,in_transit,True
TX-0637B0386119,ORD-E6656D22,2026-08-09T23:33:39.354855+00:00,CUST-7773,Small Business,Japan,Silver,SKU-IND-174,Industrial,Motors,1083.57,3,3250.71,10.0,2925.64,241.37,0.0,0.1627,WH-CENTRAL-03,Amazon Logistics,0.8,delivered,False
TX-245BC68CA084,ORD-F55A8617,2026-08-07T07:59:39.354855+00:00,CUST-9513,Small Business,Germany,Silver,SKU-ELE-478,Electronics,Accessories,1416.23,1,1416.23,0.0,1416.23,116.84,0.0,0.3253,WH-EAST-01,DHL Worldwide,4.1,delivered,False
TX-E0A33D290BC3,ORD-61E8F209,2026-09-15T16:50:39.354855+00:00,CUST-86584,Corporate,Japan,Silver,SKU-IND-641,Industrial,Pneumatics,1110.31,2,2220.62,0.0,2220.62,183.2,0.0,0.1375,WH-CENTRAL-03,FedEx Express,4.1,delivered,False
TX-AA63C830F219,ORD-AF5FE463,2026-08-13T15:25:39.354855+00:00,CUST-21493,Consumer,France,Bronze,SKU-HOM-424,Home & Office,Furniture,197.16,1,197.16,5.0,187.3,15.45,16.75,0.2807,WH-APAC-01,Amazon Logistics,3.8,in_transit,False
TX-564ACFC1AB66,ORD-4749F91F,2026-07-22T23:12:39.354855+00:00,CUST-32317,Enterprise,Canada,Platinum,SKU-APP-188,Apparel,Footwear,224.71,1,224.71,0.0,224.71,18.54,9.1,0.4445,WH-APAC-01,DHL Worldwide,3.4,delivered,False
TX-DE13B8A3D38F,ORD-22BB769B,2026-08-24T21:47:39.354855+00:00,CUST-47735,Small Business,Singapore,Silver,SKU-HOM-329,Home & Office,Furniture,312.43,1,312.43,15.0,265.57,21.91,0.0,0.3868,WH-WEST-02,FedEx Express,3.5,delivered,False
TX-8BD2ECA48C43,ORD-177A338D,2026-07-14T12:45:39.354855+00:00,CUST-42231,Consumer,France,Bronze,SKU-IND-838,Industrial,Pneumatics,647.39,2,1294.78,10.0,1165.3,96.14,0.0,0.2419,WH-CENTRAL-03,Amazon Logistics,3.3,delivered,False
TX-EB6A0F64EACE,ORD-56F0C404,2026-07-13T20:38:39.354855+00:00,CUST-74487,Corporate,Australia,Silver,SKU-APP-576,Apparel,Outerwear,250.52,3,751.56,5.0,713.98,58.9,0.0,0.1425,WH-WEST-02,UPS Freight,5.2,delivered,False
TX-76A68C1D9C22,ORD-1DC5ADB5,2026-07-07T18:13:39.354855+00:00,CUST-46902,Consumer,Canada,Silver,SKU-IND-696,Industrial,Fasteners,1973.01,25,49325.25,10.0,44392.72,3662.4,0.0,0.4631,WH-EU-01,DHL Worldwide,1.0,delivered,False
TX-1375A6FD114B,ORD-35EF1F85,2026-08-25T00:58:39.354855+00:00,CUST-79188,Small Business,Australia,Gold,SKU-APP-389,Apparel,Sportswear,177.41,1,177.41,0.0,177.41,14.64,19.61,0.2036,WH-APAC-01,Amazon Logistics,3.0,in_transit,False
TX-CD0C7CEE1411,ORD-637C79FC,2026-08-15T05:14:39.354855+00:00,CUST-32048,Enterprise,USA,Silver,SKU-IND-235,Industrial,Hydraulics,380.98,2,761.96,5.0,723.86,59.72,0.0,0.3247,WH-WEST-02,FedEx Express,4.0,delivered,False
TX-7345DCA7E256,ORD-D676E679,2026-09-26T12:56:39.354855+00:00,CUST-18301,Enterprise,Singapore,Gold,SKU-ELE-922,Electronics,Laptops,969.73,5,4848.65,0.0,4848.65,400.01,0.0,0.3689,WH-APAC-01,UPS Freight,0.8,delivered,False
TX-DAA86644C1AD,ORD-7911B8E2,2026-09-24T12:51:39.354855+00:00,CUST-35289,Small Business,Japan,Bronze,SKU-IND-495,Industrial,Motors,1380.19,1,1380.19,0.0,1380.19,113.87,0.0,0.1585,WH-EU-01,DHL Worldwide,1.3,delivered,False
TX-94D57D16B88D,ORD-DA4A4F8C,2026-07-03T13:55:39.354855+00:00,CUST-34833,Consumer,United Kingdom,Silver,SKU-AUT-215,Automotive,Brakes,289.31,5,1446.55,10.0,1301.89,107.41,0.0,0.3076,WH-EU-01,FedEx Express,8.7,delivered,True
TX-5A615A18BFB9,ORD-29A81A13,2026-09-22T08:04:39.354855+00:00,CUST-18411,Corporate,Singapore,Silver,SKU-HOM-829,Home & Office,Lighting,171.27,2,342.54,0.0,342.54,28.26,0.0,0.2636,WH-EAST-01,DHL Worldwide,3.7,pending,False
TX-3890A20EE322,ORD-8B56D2BB,2026-09-05T02:15:39.354855+00:00,CUST-30917,Consumer,Canada,Gold,SKU-AUT-795,Automotive,Lighting,241.3,1,241.3,0.0,241.3,19.91,14.89,0.2031,WH-APAC-01,DHL Worldwide,1.8,pending,False
TX-35FB525279F4,ORD-44677646,2026-07-12T19:35:39.354855+00:00,CUST-59144,Small Business,United Kingdom,Platinum,SKU-HOM-656,Home & Office,Ergonomics,132.51,1,132.51,15.0,112.63,9.29,15.01,0.3134,WH-EU-01,UPS Freight,0.8,in_transit,False
TX-F4415D7CB824,ORD-37D87909,2026-09-23T09:47:39.354855+00:00,CUST-29271,Enterprise,Singapore,Bronze,SKU-ELE-853,Electronics,Audio,429.53,1,429.53,0.0,429.53,35.44,0.0,0.2306,WH-CENTRAL-03,DHL Worldwide,1.0,delivered,False
TX-A90CD05B657E,ORD-BDB665B4,2026-08-16T00:35:39.354855+00:00,CUST-60219,Corporate,Singapore,Bronze,SKU-AUT-204,Automotive,Brakes,187.45,25,4686.25,10.0,4217.62,347.95,0.0,0.3226,WH-CENTRAL-03,UPS Freight,1.1,in_transit,False
TX-2B83D9CACA6F,ORD-353B14C3,2026-09-07T11:58:39.354855+00:00,CUST-5760,Consumer,Singapore,Bronze,SKU-AUT-274,Automotive,Batteries,169.29,1,169.29,0.0,169.29,13.97,19.27,0.269,WH-CENTRAL-03,UPS Freight,3.7,delivered,False
TX-ECC638CAB463,ORD-19EB5F08,2026-07-08T20:10:39.354855+00:00,CUST-87961,Enterprise,United Kingdom,Silver,SKU-HOM-818,Home & Office,Furniture,156.87,1,156.87,15.0,133.34,11.0,29.49,0.2817,WH-EU-01,FedEx Express,5.9,delivered,True
TX-ADB389962CA7,ORD-7F1A8D29,2026-07-06T06:08:39.354855+00:00,CUST-7737,Consumer,Japan,Gold,SKU-HOM-204,Home & Office,Ergonomics,156.61,1,156.61,15.0,133.12,10.98,11.35,0.3861,WH-EAST-01,DHL Worldwide,1.0,delivered,False
TX-25B85C10303E,ORD-EB508869,2026-07-19T18:24:39.354855+00:00,CUST-46555,Consumer,USA,Gold,SKU-AUT-634,Automotive,Brakes,446.13,2,892.26,0.0,892.26,73.61,0.0,0.1991,WH-EAST-01,Amazon Logistics,5.9,delivered,True
TX-1B2A2C902D4D,ORD-091A35A3,2026-08-01T22:58:39.354855+00:00,CUST-59095,Small Business,France,Gold,SKU-HOM-180,Home & Office,Lighting,23.86,5,119.3,0.0,119.3,9.84,33.5,0.1564,WH-CENTRAL-03,UPS Freight,3.5,delivered,False
TX-1F0B3AAF912A,ORD-B0FA736C,2026-08-27T15:43:39.354855+00:00,CUST-63129,Small Business,Japan,Bronze,SKU-HOM-237,Home & Office,Furniture,224.58,1,224.58,15.0,190.89,15.75,14.78,0.1299,WH-CENTRAL-03,Amazon Logistics,0.8,delivered,False
TX-E2B5A159AB11,ORD-AF265F08,2026-07-17T23:38:39.354855+00:00,CUST-15405,Enterprise,USA,Bronze,SKU-ELE-828,Electronics,Displays,1617.49,1,1617.49,5.0,1536.62,126.77,0.0,0.2205,WH-WEST-02,DHL Worldwide,3.3,delivered,False
TX-7A62E27C591D,ORD-5B4EBCD2,2026-07-09T22:44:39.354855+00:00,CUST-8288,Consumer,Australia,Gold,SKU-ELE-662,Electronics,Displays,179.39,25,4484.75,0.0,4484.75,369.99,0.0,0.3657,WH-APAC-01,FedEx Express,0.8,pending,False
TX-C91E64B3188E,ORD-6E8C72ED,2026-09-09T19:53:39.354855+00:00,CUST-34737,Enterprise,Singapore,Silver,SKU-HOM-860,Home & Office,Storage,213.51,2,427.02,10.0,384.32,31.71,0.0,0.1481,WH-EU-01,Amazon Logistics,0.8,delivered,False
TX-5889754A23BB,ORD-0D093B33,2026-08-11T10:32:39.354855+00:00,CUST-55744,Consumer,Canada,Gold,SKU-IND-128,Industrial,Hydraulics,1343.0,3,4029.0,5.0,3827.55,315.77,0.0,0.2314,WH-APAC-01,UPS Freight,0.8,delivered,False
TX-2B33DD039512,ORD-36853CB0,2026-07-09T20:22:39.354855+00:00,CUST-53821,Corporate,Canada,Gold,SKU-IND-303,Industrial,Pneumatics,716.77,3,2150.31,0.0,2150.31,177.4,0.0,0.1748,WH-EAST-01,FedEx Express,3.8,pending,False
TX-AC6759D171F9,ORD-B215C814,2026-07-22T22:55:39.354855+00:00,CUST-24430,Consumer,United Kingdom,Silver,SKU-APP-723,Apparel,Workwear,128.3,2,256.6,15.0,218.11,17.99,33.07,0.2834,WH-EAST-01,Amazon Logistics,4.6,delivered,False
TX-FBD4A7BDC0FE,ORD-4C2D3D38,2026-09-17T07:34:39.354855+00:00,CUST-14494,Small Business,Australia,Platinum,SKU-IND-593,Industrial,Hydraulics,1797.9,10,17979.0,5.0,17080.05,1409.1,0.0,0.1422,WH-WEST-02,UPS Freight,1.7,in_transit,False
TX-EBB701E483F5,ORD-D8950DBD,2026-08-25T06:12:39.354855+00:00,CUST-10590,Small Business,Canada,Gold,SKU-APP-495,Apparel,Outerwear,210.17,1,210.17,10.0,189.15,15.6,24.14,0.3077,WH-EU-01,Amazon Logistics,1.3,delivered,False
TX-F1FA333ED1E0,ORD-CA780EA1,2026-08-27T03:01:39.354855+00:00,CUST-18608,Corporate,Canada,Silver,SKU-ELE-335,Electronics,Laptops,1619.04,1,1619.04,10.0,1457.14,120.21,0.0,0.3226,WH-EAST-01,Amazon Logistics,2.5,in_transit,False
TX-993822AD6F21,ORD-4413987A,2026-09-24T22:44:39.354855+00:00,CUST-20992,Small Business,France,Gold,SKU-IND-265,Industrial,Hydraulics,2100.98,3,6302.94,0.0,6302.94,519.99,0.0,0.2798,WH-EAST-01,UPS Freight,4.5,delivered,False
TX-092600ABBB8C,ORD-01B97BD5,2026-07-09T04:56:39.354855+00:00,CUST-9764,Consumer,Germany,Silver,SKU-APP-415,Apparel,Workwear,244.59,1,244.59,0.0,244.59,20.18,20.06,0.3274,WH-WEST-02,DHL Worldwide,6.6,returned,True
TX-54E4DA4E26A2,ORD-CA66EFFB,2026-07-12T06:37:39.354855+00:00,CUST-53037,Enterprise,Germany,Bronze,SKU-HOM-541,Home & Office,Storage,23.46,2,46.92,15.0,39.88,3.29,18.73,0.263,WH-APAC-01,UPS Freight,4.8,delivered,False
TX-86992ACAC977,ORD-9D59D929,2026-08-06T15:27:39.354855+00:00,CUST-15365,Corporate,France,Platinum,SKU-IND-716,Industrial,Motors,2821.47,1,2821.47,0.0,2821.47,232.77,0.0,0.222,WH-WEST-02,FedEx Express,5.0,delivered,False
TX-EACE26640D77,ORD-7EB789A0,2026-07-26T06:40:39.354855+00:00,CUST-86868,Enterprise,Germany,Bronze,SKU-HOM-610,Home & Office,Ergonomics,35.85,2,71.7,0.0,71.7,5.92,34.23,0.288,WH-APAC-01,FedEx Express,1.8,delivered,False
TX-64B77C07AA68,ORD-D3399454,2026-07-20T21:06:39.354855+00:00,CUST-42455,Enterprise,Germany,Gold,SKU-AUT-496,Automotive,Lighting,571.99,2,1143.98,0.0,1143.98,94.38,0.0,0.1557,WH-CENTRAL-03,UPS Freight,2.4,returned,False
TX-A7419DDB81AB,ORD-872CCB53,2026-09-30T19:11:39.354855+00:00,CUST-67521,Consumer,Germany,Platinum,SKU-IND-799,Industrial,Motors,2767.27,1,2767.27,0.0,2767.27,228.3,0.0,0.4104,WH-EAST-01,UPS Freight,0.5,cancelled,False
TX-B79D2DB5C229,ORD-6D9A8A79,2026-08-24T19:11:39.354855+00:00,CUST-92655,Corporate,France,Platinum,SKU-ELE-215,Electronics,Audio,1542.1,2,3084.2,0.0,3084.2,254.45,0.0,0.4261,WH-EAST-01,FedEx Express,0.9,delivered,False
TX-98D0F412D8D0,ORD-97A413AC,2026-07-13T14:40:39.354855+00:00,CUST-30525,Enterprise,Canada,Bronze,SKU-IND-740,Industrial,Pneumatics,1907.72,2,3815.44,0.0,3815.44,314.77,0.0,0.3857,WH-APAC-01,FedEx Express,4.8,delivered,False
TX-D12D05337C4B,ORD-83158F9C,2026-08-23T01:59:39.354855+00:00,CUST-48453,Enterprise,Singapore,Silver,SKU-IND-745,Industrial,Hydraulics,262.34,1,262.34,0.0,262.34,21.64,0.0,0.1249,WH-EAST-01,FedEx Express,4.4,delivered,False
TX-F53CFADC4A4E,ORD-F53C6258,2026-07-23T10:55:39.354855+00:00,CUST-17689,Consumer,France,Silver,SKU-IND-994,Industrial,Hydraulics,1220.45,1,1220.45,0.0,1220.45,100.69,0.0,0.1609,WH-WEST-02,UPS Freight,3.9,delivered,False
TX-2A9D3F4E6FE2,ORD-94ECF2F9,2026-09-04T09:02:39.354855+00:00,CUST-53295,Consumer,Australia,Gold,SKU-AUT-934,Automotive,Diagnostics,585.55,1,585.55,15.0,497.72,41.06,0.0,0.136,WH-CENTRAL-03,DHL Worldwide,5.0,delivered,False
TX-4034E3511428,ORD-3EAA39FA,2026-09-17T07:12:39.354855+00:00,CUST-76016,Corporate,USA,Silver,SKU-HOM-253,Home & Office,Lighting,117.05,1,117.05,0.0,117.05,9.66,14.12,0.4738,WH-EU-01,Amazon Logistics,4.2,delivered,False
TX-0E3E4B630D4E,ORD-55546B49,2026-09-16T01:26:39.354855+00:00,CUST-73937,Consumer,Germany,Platinum,SKU-AUT-729,Automotive,Diagnostics,811.83,2,1623.66,0.0,1623.66,133.95,0.0,0.285,WH-APAC-01,UPS Freight,2.8,delivered,False
TX-A93B32B03041,ORD-3A353542,2026-09-08T22:15:39.354855+00:00,CUST-24926,Corporate,Canada,Bronze,SKU-AUT-294,Automotive,Batteries,147.12,1,147.12,15.0,125.05,10.32,24.76,0.3316,WH-EU-01,Amazon Logistics,4.0,in_transit,False
TX-074EF70CC6B4,ORD-30E9A81C,2026-07-09T12:20:39.354855+00:00,CUST-94170,Small Business,Germany,Bronze,SKU-HOM-791,Home & Office,Ergonomics,196.85,1,196.85,0.0,196.85,16.24,32.91,0.1342,WH-EU-01,UPS Freight,4.5,delivered,False
TX-2E07DCE372D1,ORD-A7E2962E,2026-07-27T16:39:39.354855+00:00,CUST-14968,Consumer,Australia,Gold,SKU-HOM-576,Home & Office,Lighting,103.03,1,103.03,10.0,92.73,7.65,23.92,0.2357,WH-WEST-02,DHL Worldwide,2.4,delivered,False
TX-9942F01A2A76,ORD-617FBC89,2026-09-23T18:19:39.354855+00:00,CUST-71811,Small Business,Japan,Silver,SKU-ELE-222,Electronics,Audio,212.38,1,212.38,15.0,180.52,14.89,33.97,0.3872,WH-CENTRAL-03,UPS Freight,4.7,delivered,False
TX-C064AB6C761B,ORD-74C27477,2026-08-02T02:47:39.354855+00:00,CUST-99974,Consumer,France,Bronze,SKU-AUT-966,Automotive,Diagnostics,89.89,1,89.89,5.0,85.4,7.05,15.53,0.1845,WH-EU-01,DHL Worldwide,5.2,in_transit,True
TX-A4666E4AA1AE,ORD-08F7A1E4,2026-09-27T15:01:39.354855+00:00,CUST-18019,Corporate,Australia,Gold,SKU-HOM-226,Home & Office,Lighting,165.09,1,165.09,0.0,165.09,13.62,27.56,0.2474,WH-CENTRAL-03,Amazon Logistics,1.7,in_transit,False
TX-E6084140966E,ORD-ECE9666B,2026-07-20T01:12:39.354855+00:00,CUST-98825,Consumer,Germany,Bronze,SKU-HOM-460,Home & Office,Ergonomics,283.56,1,283.56,0.0,283.56,23.39,0.0,0.4563,WH-EAST-01,UPS Freight,5.2,delivered,False
TX-C790F2A7F10F,ORD-6D8BC818,2026-08-06T21:07:39.354855+00:00,CUST-42455,Corporate,Singapore,Gold,SKU-ELE-347,Electronics,Accessories,376.39,2,752.78,0.0,752.78,62.1,0.0,0.3182,WH-APAC-01,Amazon Logistics,4.8,in_transit,True
TX-215BA030E8F9,ORD-DCD17DAE,2026-09-04T18:09:39.354855+00:00,CUST-9436,Enterprise,France,Platinum,SKU-ELE-199,Electronics,Displays,1369.14,3,4107.42,10.0,3696.68,304.98,0.0,0.4347,WH-CENTRAL-03,DHL Worldwide,2.7,delivered,False
TX-3648A2336B3C,ORD-EF256B1F,2026-08-16T13:55:39.354855+00:00,CUST-65948,Enterprise,Canada,Platinum,SKU-APP-359,Apparel,Footwear,307.86,1,307.86,15.0,261.68,21.59,0.0,0.3053,WH-WEST-02,FedEx Express,1.7,pending,False
TX-0A3D3F76E289,ORD-302733A0,2026-09-17T19:50:39.354855+00:00,CUST-72474,Small Business,Germany,Gold,SKU-IND-254,Industrial,Sensors,2061.17,1,2061.17,10.0,1855.05,153.04,0.0,0.3521,WH-WEST-02,Amazon Logistics,5.1,delivered,False
TX-0928E7BBAEA1,ORD-D3D028D0,2026-08-03T19:58:39.354855+00:00,CUST-18620,Corporate,United Kingdom,Gold,SKU-APP-444,Apparel,Footwear,254.98,1,254.98,0.0,254.98,21.04,0.0,0.2434,WH-APAC-01,DHL Worldwide,5.1,in_transit,True
TX-483FE8E516E3,ORD-7462D73E,2026-09-06T11:58:39.354855+00:00,CUST-60770,Consumer,Australia,Silver,SKU-ELE-219,Electronics,Laptops,215.36,1,215.36,10.0,193.82,15.99,26.96,0.4774,WH-WEST-02,Amazon Logistics,0.9,delivered,False
TX-477C34D489DE,ORD-A3EBE407,2026-08-11T06:47:39.354855+00:00,CUST-6124,Consumer,Germany,Gold,SKU-ELE-354,Electronics,Accessories,1848.92,1,1848.92,0.0,1848.92,152.54,0.0,0.2501,WH-CENTRAL-03,DHL Worldwide,3.6,delivered,False
TX-85447CEFE4FD,ORD-B0660606,2026-08-25T09:06:39.354855+00:00,CUST-55988,Small Business,France,Bronze,SKU-IND-154,Industrial,Sensors,2808.5,1,2808.5,5.0,2668.07,220.12,0.0,0.3196,WH-CENTRAL-03,UPS Freight,4.2,delivered,False
TX-44B2B0182764,ORD-5D912D39,2026-09-08T14:10:39.354855+00:00,CUST-17209,Enterprise,USA,Platinum,SKU-HOM-906,Home & Office,Ergonomics,176.99,2,353.98,10.0,318.58,26.28,0.0,0.2761,WH-WEST-02,FedEx Express,5.5,delivered,False
TX-5E45A8DF8086,ORD-E1F3DD84,2026-08-14T00:18:39.354855+00:00,CUST-31841,Consumer,Germany,Platinum,SKU-ELE-315,Electronics,Accessories,589.92,1,589.92,5.0,560.42,46.23,0.0,0.446,WH-CENTRAL-03,FedEx Express,1.2,delivered,False
TX-736F0BD5D364,ORD-B397A3BC,2026-08-04T05:22:39.354855+00:00,CUST-82955,Corporate,Japan,Gold,SKU-IND-463,Industrial,Fasteners,2164.17,1,2164.17,0.0,2164.17,178.54,0.0,0.4638,WH-WEST-02,Amazon Logistics,5.7,delivered,True
TX-E48BB3C16E5B,ORD-1B6A0687,2026-08-15T16:36:39.354855+00:00,CUST-52387,Consumer,USA,Bronze,SKU-AUT-748,Automotive,Brakes,192.79,10,1927.9,10.0,1735.11,143.15,0.0,0.2974,WH-EU-01,Amazon Logistics,4.0,delivered,False
TX-45DCC5D29C06,ORD-AD47C13F,2026-07-07T14:16:39.354855+00:00,CUST-87123,Enterprise,Canada,Bronze,SKU-AUT-756,Automotive,Brakes,338.0,3,1014.0,0.0,1014.0,83.66,0.0,0.254,WH-WEST-02,DHL Worldwide,4.6,in_transit,True
TX-0AE86DE8DC93,ORD-3B7ED62E,2026-09-24T03:57:39.354855+00:00,CUST-84941,Small Business,Singapore,Bronze,SKU-ELE-282,Electronics,Laptops,1092.53,1,1092.53,40.0,655.52,54.08,0.0,0.4683,WH-EAST-01,Amazon Logistics,5.4,in_transit,True
TX-FB15D63EE4CF,ORD-B15C8E4E,2026-08-16T18:17:39.354855+00:00,CUST-47494,Consumer,Canada,Gold,SKU-APP-164,Apparel,Footwear,112.5,1,112.5,15.0,95.62,7.89,26.03,0.1777,WH-WEST-02,Amazon Logistics,1.9,delivered,False
TX-F5ED575B4C64,ORD-3F5E9B44,2026-09-17T01:17:39.354855+00:00,CUST-59338,Enterprise,Australia,Platinum,SKU-APP-207,Apparel,Workwear,130.78,1,130.78,10.0,117.7,9.71,12.81,0.4622,WH-CENTRAL-03,FedEx Express,2.5,delivered,False
TX-C7DAAC1D5833,ORD-4F80C4D7,2026-09-12T22:20:39.354855+00:00,CUST-50901,Consumer,Canada,Gold,SKU-AUT-195,Automotive,Diagnostics,861.31,1,861.31,15.0,732.11,60.4,0.0,0.1815,WH-EAST-01,Amazon Logistics,5.2,in_transit,True
TX-CF60BD451248,ORD-38D1162B,2026-07-15T10:14:39.354855+00:00,CUST-58366,Consumer,Germany,Bronze,SKU-APP-422,Apparel,Workwear,249.5,3,748.5,40.0,449.1,37.05,0.0,0.2311,WH-EU-01,UPS Freight,2.0,delivered,False
TX-D85F61BF7428,ORD-4CCEDD27,2026-09-23T02:21:39.354855+00:00,CUST-57751,Enterprise,USA,Gold,SKU-AUT-281,Automotive,Batteries,743.19,3,2229.57,10.0,2006.61,165.55,0.0,0.4229,WH-EAST-01,UPS Freight,1.8,delivered,False
TX-F9E9575403FA,ORD-5AC3D464,2026-07-19T08:48:39.354855+00:00,CUST-87199,Enterprise,USA,Gold,SKU-APP-444,Apparel,Workwear,184.07,1,184.07,5.0,174.87,14.43,27.95,0.4123,WH-WEST-02,Amazon Logistics,3.3,delivered,False
TX-E3803B5E9076,ORD-546C8D6C,2026-07-09T10:14:39.354855+00:00,CUST-53716,Enterprise,Japan,Silver,SKU-IND-506,Industrial,Pneumatics,3094.98,3,9284.94,5.0,8820.69,727.71,0.0,0.2196,WH-EAST-01,DHL Worldwide,2.6,delivered,False
TX-3D21F89F4DEC,ORD-9A0F2D51,2026-08-28T22:57:39.354855+00:00,CUST-10189,Corporate,Canada,Bronze,SKU-AUT-191,Automotive,Diagnostics,471.04,1,471.04,5.0,447.49,36.92,0.0,0.2928,WH-EAST-01,DHL Worldwide,4.8,delivered,False
TX-300B9F9087EE,ORD-8A895C9F,2026-07-21T23:37:39.354855+00:00,CUST-23115,Enterprise,USA,Silver,SKU-APP-453,Apparel,Footwear,232.82,10,2328.2,15.0,1978.97,163.27,0.0,0.4619,WH-EU-01,FedEx Express,0.6,delivered,False
TX-57E487FB06B4,ORD-F121BAE9,2026-08-23T16:11:39.354855+00:00,CUST-9364,Consumer,Japan,Silver,SKU-ELE-553,Electronics,Laptops,1782.19,3,5346.57,15.0,4544.58,374.93,0.0,0.1311,WH-EAST-01,UPS Freight,1.2,pending,False
TX-869F1C9525B1,ORD-31C13527,2026-09-14T00:22:39.354855+00:00,CUST-1187,Corporate,Australia,Gold,SKU-APP-429,Apparel,Sportswear,149.87,1,149.87,0.0,149.87,12.36,10.8,0.3341,WH-WEST-02,FedEx Express,5.7,delivered,True
TX-AFF47B1E4A07,ORD-6EEE56AD,2026-08-04T20:09:39.354855+00:00,CUST-76678,Small Business,Singapore,Bronze,SKU-APP-265,Apparel,Workwear,302.72,2,605.44,15.0,514.62,42.46,0.0,0.2253,WH-EAST-01,DHL Worldwide,0.9,delivered,False
TX-BE1A60F043B9,ORD-DB94B0A1,2026-07-09T12:59:39.354855+00:00,CUST-1299,Enterprise,Japan,Gold,SKU-HOM-102,Home & Office,Lighting,84.71,1,84.71,10.0,76.24,6.29,29.05,0.157,WH-APAC-01,UPS Freight,7.7,delivered,True
TX-AFE65B4A9D44,ORD-41BE7CB6,2026-08-09T10:12:39.354855+00:00,CUST-70278,Small Business,Canada,Gold,SKU-APP-976,Apparel,Workwear,272.23,1,272.23,25.0,204.17,16.84,11.9,0.3272,WH-EAST-01,DHL Worldwide,3.3,delivered,False
TX-2083E9278390,ORD-25B96EDD,2026-09-19T07:39:39.354855+00:00,CUST-59717,Corporate,United Kingdom,Silver,SKU-APP-374,Apparel,Sportswear,118.72,3,356.16,15.0,302.74,24.98,0.0,0.3269,WH-WEST-02,Amazon Logistics,2.4,in_transit,False
TX-5153A92A80A2,ORD-6925F9B2,2026-08-26T02:19:39.354855+00:00,CUST-85416,Corporate,Singapore,Bronze,SKU-AUT-186,Automotive,Lighting,722.5,1,722.5,0.0,722.5,59.61,0.0,0.1385,WH-EU-01,Amazon Logistics,6.4,delivered,True
TX-86AE7D37E224,ORD-2CFE0738,2026-08-16T23:43:39.354855+00:00,CUST-44500,Small Business,France,Platinum,SKU-HOM-558,Home & Office,Lighting,129.22,1,129.22,0.0,129.22,10.66,11.05,0.3932,WH-APAC-01,DHL Worldwide,5.1,delivered,False
TX-FAA0820FF13E,ORD-20EB580B,2026-08-29T19:03:39.354855+00:00,CUST-37709,Small Business,USA,Silver,SKU-APP-849,Apparel,Sportswear,230.44,25,5761.0,0.0,5761.0,475.28,0.0,0.1293,WH-EAST-01,DHL Worldwide,3.8,delivered,False
TX-C156E55E4281,ORD-09B43A38,2026-07-26T05:27:39.354855+00:00,CUST-9074,Small Business,USA,Silver,SKU-AUT-499,Automotive,Lighting,57.19,1,57.19,10.0,51.47,4.25,33.06,0.4304,WH-APAC-01,FedEx Express,0.7,delivered,False
TX-91ABBDBEB073,ORD-7EB327FB,2026-09-26T21:44:39.354855+00:00,CUST-24320,Small Business,Canada,Gold,SKU-APP-435,Apparel,Sportswear,76.47,2,152.94,0.0,152.94,12.62,13.09,0.3084,WH-APAC-01,Amazon Logistics,3.3,delivered,False
TX-79F251A459BA,ORD-2D71A119,2026-09-29T21:04:39.354855+00:00,CUST-25991,Consumer,Germany,Silver,SKU-ELE-705,Electronics,Audio,1555.96,1,1555.96,10.0,1400.36,115.53,0.0,0.3997,WH-WEST-02,DHL Worldwide,2.4,delivered,False
TX-2B625C65009B,ORD-57D888E9,2026-08-12T00:04:39.354855+00:00,CUST-78434,Enterprise,United Kingdom,Bronze,SKU-HOM-621,Home & Office,Storage,104.32,1,104.32,5.0,99.1,8.18,23.82,0.3578,WH-CENTRAL-03,FedEx Express,2.5,in_transit,False
TX-3F43BB68FBBC,ORD-428753AF,2026-09-07T01:43:39.354855+00:00,CUST-22489,Consumer,France,Bronze,SKU-IND-771,Industrial,Hydraulics,1829.65,1,1829.65,0.0,1829.65,150.95,0.0,0.2638,WH-EAST-01,FedEx Express,1.1,in_transit,False
TX-97879836DAE4,ORD-60FFBAB5,2026-08-06T11:10:39.354855+00:00,CUST-94008,Consumer,Canada,Bronze,SKU-HOM-433,Home & Office,Lighting,238.81,1,238.81,0.0,238.81,19.7,33.93,0.1775,WH-WEST-02,UPS Freight,6.9,delivered,True
TX-628185598E6C,ORD-F78D5B7D,2026-09-26T20:41:39.354855+00:00,CUST-9126,Corporate,Germany,Gold,SKU-HOM-877,Home & Office,Lighting,298.42,1,298.42,0.0,298.42,24.62,0.0,0.1818,WH-WEST-02,DHL Worldwide,4.3,delivered,False
TX-66F2BBD900F7,ORD-8A12D117,2026-09-18T16:07:39.354855+00:00,CUST-36086,Corporate,Australia,Bronze,SKU-HOM-114,Home & Office,Lighting,136.58,1,136.58,0.0,136.58,11.27,30.45,0.1978,WH-EU-01,DHL Worldwide,0.8,delivered,False
TX-6915B9B9F5FD,ORD-EFCAA0FF,2026-09-29T00:44:39.354855+00:00,CUST-78804,Enterprise,United Kingdom,Bronze,SKU-HOM-150,Home & Office,Ergonomics,224.99,3,674.97,10.0,607.47,50.12,0.0,0.1213,WH-CENTRAL-03,Amazon Logistics,4.8,delivered,False
TX-3962D7D4014B,ORD-67309394,2026-07-16T07:18:39.354855+00:00,CUST-9726,Consumer,Australia,Silver,SKU-AUT-956,Automotive,Lighting,742.9,1,742.9,5.0,705.75,58.22,0.0,0.2043,WH-APAC-01,Amazon Logistics,5.1,in_transit,True
TX-78D0092F9044,ORD-E04D1FF5,2026-09-13T23:54:39.354855+00:00,CUST-92687,Consumer,Japan,Gold,SKU-APP-866,Apparel,Outerwear,23.52,1,23.52,0.0,23.52,1.94,31.78,0.2657,WH-CENTRAL-03,Amazon Logistics,1.3,delivered,False
TX-F86AAACC4839,ORD-92E7836A,2026-08-23T06:48:39.354855+00:00,CUST-84849,Consumer,Canada,Bronze,SKU-AUT-387,Automotive,Brakes,699.75,10,6997.5,0.0,6997.5,577.29,0.0,0.2534,WH-WEST-02,FedEx Express,4.7,delivered,False
TX-62178CB251A4,ORD-0BD38250,2026-09-05T21:08:39.354855+00:00,CUST-35432,Corporate,USA,Silver,SKU-IND-368,Industrial,Sensors,1764.14,1,1764.14,10.0,1587.73,130.99,0.0,0.2682,WH-EU-01,FedEx Express,0.8,in_transit,False
TX-805C4A6ECCE1,ORD-71AE5B15,2026-09-28T21:00:39.354855+00:00,CUST-18970,Consumer,Singapore,Platinum,SKU-APP-225,Apparel,Outerwear,217.51,1,217.51,0.0,217.51,17.94,18.83,0.3924,WH-EU-01,DHL Worldwide,1.9,pending,False
TX-A07E65E063A9,ORD-841F0D58,2026-08-26T03:26:39.354855+00:00,CUST-76672,Small Business,Singapore,Silver,SKU-AUT-921,Automotive,Diagnostics,239.78,1,239.78,0.0,239.78,19.78,22.11,0.3693,WH-CENTRAL-03,DHL Worldwide,4.7,delivered,False
TX-9911F3DB3807,ORD-6D6662E1,2026-07-23T07:43:39.354855+00:00,CUST-15369,Consumer,USA,Platinum,SKU-APP-767,Apparel,Sportswear,288.43,5,1442.15,10.0,1297.94,107.08,0.0,0.1965,WH-APAC-01,UPS Freight,3.2,delivered,False
TX-BCBB6310DC3F,ORD-3585FBD4,2026-09-14T19:48:39.354855+00:00,CUST-29861,Corporate,Germany,Silver,SKU-IND-852,Industrial,Sensors,2642.43,1,2642.43,5.0,2510.31,207.1,0.0,0.3978,WH-APAC-01,FedEx Express,7.4,cancelled,True
TX-64D36087CF10,ORD-38C81D01,2026-09-11T10:02:39.354855+00:00,CUST-79664,Consumer,Singapore,Silver,SKU-APP-238,Apparel,Footwear,227.42,1,227.42,0.0,227.42,18.76,26.55,0.4391,WH-EU-01,FedEx Express,3.3,delivered,False
TX-8A186516542B,ORD-F6462ED2,2026-08-11T22:28:39.354855+00:00,CUST-63791,Consumer,USA,Bronze,SKU-IND-104,Industrial,Motors,2750.65,1,2750.65,10.0,2475.59,204.24,0.0,0.2655,WH-APAC-01,UPS Freight,5.3,delivered,False
TX-26C03EB414B3,ORD-BF8E612C,2026-09-27T20:55:39.354855+00:00,CUST-30831,Consumer,Australia,Silver,SKU-IND-752,Industrial,Fasteners,535.72,1,535.72,0.0,535.72,44.2,0.0,0.4417,WH-APAC-01,Amazon Logistics,2.0,delivered,False
TX-9253C27AD13D,ORD-BFB65DF9,2026-07-10T10:36:39.354855+00:00,CUST-5216,Consumer,Australia,Silver,SKU-AUT-842,Automotive,Diagnostics,588.0,2,1176.0,5.0,1117.2,92.17,0.0,0.1311,WH-APAC-01,Amazon Logistics,3.1,returned,False
TX-B9CF7627B61A,ORD-A91FD41C,2026-08-20T06:23:39.354855+00:00,CUST-49929,Small Business,United Kingdom,Silver,SKU-ELE-463,Electronics,Accessories,1454.69,1,1454.69,0.0,1454.69,120.01,0.0,0.155,WH-WEST-02,FedEx Express,6.3,delivered,True
TX-4AFF9903BB58,ORD-71CF00BB,2026-08-10T12:58:39.354855+00:00,CUST-84515,Enterprise,Australia,Gold,SKU-AUT-560,Automotive,Lighting,285.42,1,285.42,0.0,285.42,23.55,0.0,0.1915,WH-APAC-01,DHL Worldwide,3.1,delivered,False
TX-8337E6AFB314,ORD-BB608B67,2026-07-28T02:32:39.354855+00:00,CUST-40621,Small Business,Singapore,Platinum,SKU-ELE-286,Electronics,Displays,680.83,2,1361.66,10.0,1225.49,101.1,0.0,0.1826,WH-APAC-01,UPS Freight,5.7,in_transit,True
TX-5D4B4310C076,ORD-E407977F,2026-08-03T12:04:39.354855+00:00,CUST-95944,Consumer,Japan,Bronze,SKU-AUT-869,Automotive,Brakes,291.0,2,582.0,0.0,582.0,48.02,0.0,0.4684,WH-APAC-01,FedEx Express,0.5,delivered,False
TX-FD62B4B27FE7,ORD-ED4256F7,2026-09-28T06:29:39.354855+00:00,CUST-71156,Small Business,Germany,Silver,SKU-ELE-825,Electronics,Laptops,714.0,1,714.0,0.0,714.0,58.91,0.0,0.2584,WH-CENTRAL-03,FedEx Express,1.1,delivered,False
TX-7992EF52624B,ORD-87F3D4C5,2026-08-31T04:16:39.354855+00:00,CUST-89346,Consumer,France,Gold,SKU-HOM-506,Home & Office,Lighting,105.75,25,2643.75,0.0,2643.75,218.11,0.0,0.168,WH-APAC-01,DHL Worldwide,2.1,in_transit,False
TX-41AD8E96B002,ORD-2A4C5C58,2026-09-12T02:22:39.354855+00:00,CUST-94977,Small Business,Singapore,Platinum,SKU-AUT-841,Automotive,Diagnostics,278.48,1,278.48,0.0,278.48,22.97,0.0,0.331,WH-WEST-02,UPS Freight,4.8,delivered,False
TX-7A4B21841ED0,ORD-372C2571,2026-08-27T20:25:39.354855+00:00,CUST-52303,Consumer,USA,Platinum,SKU-ELE-442,Electronics,Smartphones,1059.62,1,1059.62,15.0,900.68,74.31,0.0,0.2523,WH-EAST-01,FedEx Express,0.8,delivered,False
TX-48E8C31220B3,ORD-CA3F4256,2026-09-22T14:58:39.354855+00:00,CUST-94792,Enterprise,Singapore,Gold,SKU-HOM-158,Home & Office,Furniture,71.04,3,213.12,40.0,127.87,10.55,21.05,0.2387,WH-WEST-02,FedEx Express,2.4,delivered,False
TX-D85D3C3555CE,ORD-6411F4A1,2026-08-12T07:29:39.354855+00:00,CUST-44013,Small Business,USA,Silver,SKU-ELE-459,Electronics,Audio,1417.81,1,1417.81,15.0,1205.14,99.42,0.0,0.1811,WH-APAC-01,Amazon Logistics,4.0,delivered,False
TX-A0AA13224A47,ORD-EE77BE2E,2026-07-12T18:30:39.354855+00:00,CUST-80196,Corporate,Germany,Silver,SKU-IND-564,Industrial,Motors,930.95,1,930.95,0.0,930.95,76.8,0.0,0.2716,WH-CENTRAL-03,Amazon Logistics,0.7,pending,False
TX-7904AB2B52A2,ORD-49DBA741,2026-09-08T17:43:39.354855+00:00,CUST-44429,Enterprise,Canada,Platinum,SKU-AUT-202,Automotive,Brakes,599.46,1,599.46,10.0,539.51,44.51,0.0,0.3433,WH-EU-01,FedEx Express,2.5,delivered,False
TX-94B66F8140C3,ORD-06A3F2A9,2026-08-30T13:21:39.354855+00:00,CUST-79150,Consumer,United Kingdom,Platinum,SKU-HOM-229,Home & Office,Ergonomics,253.69,1,253.69,5.0,241.01,19.88,12.18,0.3994,WH-EAST-01,Amazon Logistics,4.5,delivered,False
TX-F4439E44CF35,ORD-1CD75F7E,2026-09-25T03:17:39.354855+00:00,CUST-46223,Enterprise,Germany,Silver,SKU-IND-228,Industrial,Motors,3102.8,3,9308.4,0.0,9308.4,767.94,0.0,0.1257,WH-APAC-01,FedEx Express,2.0,delivered,False
TX-5D43F39F4054,ORD-FB0F657F,2026-09-25T10:46:39.354855+00:00,CUST-62459,Small Business,Japan,Bronze,SKU-AUT-719,Automotive,Brakes,742.63,2,1485.26,0.0,1485.26,122.53,0.0,0.3309,WH-WEST-02,Amazon Logistics,2.4,delivered,False
TX-54AF6CE05438,ORD-A5650ED1,2026-07-29T22:11:39.354855+00:00,CUST-50704,Consumer,Singapore,Bronze,SKU-ELE-272,Electronics,Laptops,1545.5,1,1545.5,0.0,1545.5,127.5,0.0,0.2687,WH-WEST-02,DHL Worldwide,0.8,delivered,False
TX-7154E91D5DE7,ORD-C3D17D1F,2026-07-26T02:43:39.354855+00:00,CUST-55615,Consumer,Canada,Bronze,SKU-HOM-519,Home & Office,Ergonomics,18.3,1,18.3,0.0,18.3,1.51,19.01,0.3489,WH-EAST-01,Amazon Logistics,2.3,delivered,False
TX-10D03DFE99CD,ORD-03118D90,2026-09-07T17:59:39.354855+00:00,CUST-77058,Small Business,Australia,Bronze,SKU-HOM-609,Home & Office,Furniture,242.08,1,242.08,0.0,242.08,19.97,9.63,0.1446,WH-WEST-02,DHL Worldwide,3.8,delivered,False
TX-B2DF5F945666,ORD-571D260B,2026-09-21T02:57:39.354855+00:00,CUST-75874,Small Business,Singapore,Bronze,SKU-IND-781,Industrial,Sensors,484.92,25,12123.0,5.0,11516.85,950.14,0.0,0.1999,WH-EAST-01,Amazon Logistics,2.8,delivered,False
TX-20B0A860BF69,ORD-9AF50DDC,2026-08-06T04:47:39.354855+00:00,CUST-64123,Consumer,USA,Silver,SKU-ELE-604,Electronics,Displays,1800.29,2,3600.58,10.0,3240.52,267.34,0.0,0.3821,WH-CENTRAL-03,FedEx Express,5.8,delivered,True
TX-8835B4A205CC,ORD-9D3AF110,2026-08-15T17:50:39.354855+00:00,CUST-50011,Enterprise,Singapore,Bronze,SKU-APP-603,Apparel,Footwear,315.85,3,947.55,5.0,900.17,74.26,0.0,0.2607,WH-CENTRAL-03,FedEx Express,5.2,delivered,False
TX-3D74D70C999E,ORD-6850116D,2026-08-10T10:50:39.354855+00:00,CUST-99240,Enterprise,Singapore,Bronze,SKU-ELE-531,Electronics,Laptops,1261.11,1,1261.11,0.0,1261.11,104.04,0.0,0.2133,WH-EU-01,Amazon Logistics,4.0,delivered,False
TX-65A0F402EC09,ORD-E065B7C3,2026-07-30T18:38:39.354855+00:00,CUST-29441,Enterprise,France,Gold,SKU-ELE-401,Electronics,Displays,1572.13,1,1572.13,0.0,1572.13,129.7,0.0,0.4719,WH-EU-01,UPS Freight,7.0,delivered,True
TX-64CA58FE42C9,ORD-AA6A3B99,2026-09-28T08:50:39.354855+00:00,CUST-47668,Consumer,Canada,Platinum,SKU-IND-115,Industrial,Sensors,3144.09,5,15720.45,5.0,14934.43,1232.09,0.0,0.1655,WH-EU-01,Amazon Logistics,2.8,in_transit,False
TX-19AFD6DE4AD6,ORD-CA18A9FA,2026-09-18T08:40:39.354855+00:00,CUST-3763,Small Business,Germany,Platinum,SKU-IND-728,Industrial,Fasteners,1523.54,2,3047.08,10.0,2742.37,226.25,0.0,0.3261,WH-CENTRAL-03,UPS Freight,5.6,in_transit,True
TX-FD9341DEEBEE,ORD-A918352D,2026-09-29T11:45:39.354855+00:00,CUST-40594,Enterprise,Canada,Gold,SKU-ELE-984,Electronics,Audio,1773.2,1,1773.2,0.0,1773.2,146.29,0.0,0.1404,WH-EAST-01,FedEx Express,3.9,delivered,False
TX-DA247CCB5F07,ORD-C2D2028C,2026-09-27T18:48:39.354855+00:00,CUST-49386,Enterprise,Japan,Platinum,SKU-ELE-778,Electronics,Laptops,1471.69,5,7358.45,0.0,7358.45,607.07,0.0,0.2935,WH-WEST-02,DHL Worldwide,4.0,delivered,False
TX-D75436F5927F,ORD-1C0CDB1B,2026-09-09T03:16:39.354855+00:00,CUST-92539,Enterprise,USA,Gold,SKU-APP-240,Apparel,Outerwear,156.72,2,313.44,25.0,235.08,19.39,29.49,0.3892,WH-CENTRAL-03,UPS Freight,4.8,delivered,False
TX-053A080E71A0,ORD-02D6033A,2026-08-25T22:15:39.354855+00:00,CUST-46439,Corporate,United Kingdom,Bronze,SKU-APP-774,Apparel,Workwear,293.24,1,293.24,0.0,293.24,24.19,0.0,0.4423,WH-CENTRAL-03,Amazon Logistics,2.9,delivered,False
TX-097A00D564A1,ORD-0F0A020C,2026-08-17T23:12:39.354855+00:00,CUST-80548,Consumer,Japan,Bronze,SKU-ELE-244,Electronics,Laptops,176.18,1,176.18,0.0,176.18,14.53,20.79,0.1394,WH-CENTRAL-03,FedEx Express,5.1,delivered,False
TX-7F84E157A7E7,ORD-A5485F89,2026-09-22T09:13:39.354855+00:00,CUST-70406,Consumer,Singapore,Platinum,SKU-APP-103,Apparel,Footwear,226.39,2,452.78,0.0,452.78,37.35,0.0,0.4228,WH-CENTRAL-03,DHL Worldwide,1.0,delivered,False
TX-3F484779EC91,ORD-3C0202AC,2026-08-08T21:51:39.354855+00:00,CUST-41559,Enterprise,Canada,Bronze,SKU-AUT-706,Automotive,Batteries,786.21,1,786.21,0.0,786.21,64.86,0.0,0.3632,WH-EU-01,UPS Freight,3.8,delivered,False
TX-38B9792E75C3,ORD-62C177BF,2026-07-25T15:52:39.354855+00:00,CUST-62613,Consumer,Singapore,Bronze,SKU-AUT-365,Automotive,Brakes,157.21,1,157.21,5.0,149.35,12.32,27.58,0.26,WH-CENTRAL-03,UPS Freight,2.1,delivered,False
TX-ED0826AAE6F0,ORD-7835D766,2026-08-26T03:22:39.354855+00:00,CUST-14436,Small Business,USA,Bronze,SKU-HOM-581,Home & Office,Furniture,166.54,1,166.54,0.0,166.54,13.74,17.33,0.4333,WH-EAST-01,FedEx Express,5.3,delivered,False
TX-28394EB99ED9,ORD-CE880B5B,2026-08-24T00:47:39.354855+00:00,CUST-41738,Enterprise,Singapore,Gold,SKU-ELE-868,Electronics,Accessories,1309.98,1,1309.98,0.0,1309.98,108.07,0.0,0.354,WH-EU-01,FedEx Express,2.7,in_transit,False
TX-CBF3FE4A989D,ORD-3BC6886E,2026-08-20T06:05:39.354855+00:00,CUST-21476,Consumer,Singapore,Gold,SKU-IND-522,Industrial,Hydraulics,1563.48,1,1563.48,40.0,938.09,77.39,0.0,0.4222,WH-EAST-01,UPS Freight,3.5,delivered,False
TX-0CFE1CC2F320,ORD-9585DDAF,2026-08-15T03:15:39.354855+00:00,CUST-66254,Consumer,USA,Platinum,SKU-AUT-838,Automotive,Batteries,326.25,1,326.25,0.0,326.25,26.92,0.0,0.1718,WH-EU-01,DHL Worldwide,5.1,in_transit,True
TX-F0ACDE8E4735,ORD-44529BE7,2026-07-16T14:51:39.354855+00:00,CUST-99970,Enterprise,Australia,Gold,SKU-APP-546,Apparel,Outerwear,291.47,3,874.41,0.0,874.41,72.14,0.0,0.2825,WH-WEST-02,FedEx Express,2.8,in_transit,False
TX-4E2A3A26964C,ORD-62110B6E,2026-08-28T14:33:39.354855+00:00,CUST-18667,Consumer,Singapore,Bronze,SKU-IND-849,Industrial,Fasteners,2691.07,1,2691.07,40.0,1614.64,133.21,0.0,0.2568,WH-CENTRAL-03,DHL Worldwide,5.9,delivered,True
TX-56B19F029EA1,ORD-60F531AB,2026-07-10T04:14:39.354855+00:00,CUST-37987,Small Business,United Kingdom,Bronze,SKU-HOM-924,Home & Office,Ergonomics,101.21,2,202.42,0.0,202.42,16.7,32.26,0.3475,WH-APAC-01,FedEx Express,5.1,in_transit,True
TX-C6865DCF3F92,ORD-D3A088D0,2026-08-24T14:50:39.354855+00:00,CUST-57372,Corporate,Canada,Bronze,SKU-HOM-245,Home & Office,Storage,244.4,2,488.8,0.0,488.8,40.33,0.0,0.2584,WH-EU-01,UPS Freight,3.0,delivered,False
TX-E09B7B8C725F,ORD-EC599F29,2026-07-10T03:25:39.354855+00:00,CUST-80752,Enterprise,USA,Platinum,SKU-ELE-752,Electronics,Laptops,1538.17,1,1538.17,10.0,1384.35,114.21,0.0,0.2363,WH-APAC-01,FedEx Express,2.0,delivered,False
TX-3C4F3778404F,ORD-B660642A,2026-07-19T20:01:39.354855+00:00,CUST-38968,Small Business,Canada,Bronze,SKU-IND-678,Industrial,Motors,228.93,2,457.86,5.0,434.97,35.89,0.0,0.2349,WH-WEST-02,UPS Freight,0.7,in_transit,False
TX-BC90E5AB61BA,ORD-6C2775FE,2026-07-15T04:03:39.354855+00:00,CUST-9915,Small Business,Canada,Platinum,SKU-IND-310,Industrial,Motors,3010.79,3,9032.37,5.0,8580.75,707.91,0.0,0.374,WH-EU-01,Amazon Logistics,1.8,delivered,False
TX-1BE307462CAE,ORD-A324AA71,2026-08-28T14:55:39.354855+00:00,CUST-47441,Corporate,France,Platinum,SKU-IND-743,Industrial,Fasteners,1400.65,1,1400.65,10.0,1260.59,104.0,0.0,0.4393,WH-APAC-01,UPS Freight,2.9,delivered,False
TX-857B718320B6,ORD-CDA16592,2026-09-11T15:20:39.354855+00:00,CUST-73578,Consumer,France,Platinum,SKU-HOM-117,Home & Office,Ergonomics,315.51,1,315.51,5.0,299.73,24.73,0.0,0.44,WH-WEST-02,DHL Worldwide,1.6,delivered,False
TX-57CF5FF60360,ORD-7E2084F9,2026-08-31T18:53:39.354855+00:00,CUST-25579,Consumer,France,Platinum,SKU-HOM-146,Home & Office,Ergonomics,71.27,2,142.54,0.0,142.54,11.76,19.0,0.3492,WH-EAST-01,FedEx Express,2.6,delivered,False
TX-7D4A16497D77,ORD-98F4904A,2026-08-08T18:34:39.354855+00:00,CUST-8019,Small Business,France,Gold,SKU-AUT-476,Automotive,Diagnostics,549.34,1,549.34,0.0,549.34,45.32,0.0,0.3076,WH-EU-01,DHL Worldwide,2.8,in_transit,False
TX-A661382064B4,ORD-6A887F3A,2026-09-10T03:21:39.354855+00:00,CUST-84618,Small Business,USA,Gold,SKU-ELE-762,Electronics,Displays,654.09,1,654.09,5.0,621.39,51.26,0.0,0.3177,WH-EU-01,DHL Worldwide,6.8,delivered,True
TX-A97AE9655B51,ORD-0051A259,2026-08-02T14:48:39.354855+00:00,CUST-70345,Consumer,Japan,Platinum,SKU-ELE-388,Electronics,Displays,438.39,2,876.78,0.0,876.78,72.33,0.0,0.253,WH-APAC-01,Amazon Logistics,1.6,returned,False
TX-5697349C87A5,ORD-4B334EEE,2026-09-27T23:36:39.354855+00:00,CUST-19381,Consumer,Singapore,Silver,SKU-IND-213,Industrial,Pneumatics,2475.62,1,2475.62,15.0,2104.28,173.6,0.0,0.4591,WH-CENTRAL-03,DHL Worldwide,0.8,delivered,False
TX-EAD0CFC64476,ORD-03C3E0C7,2026-08-19T22:11:39.354855+00:00,CUST-18913,Enterprise,Australia,Silver,SKU-APP-403,Apparel,Footwear,48.26,10,482.6,0.0,482.6,39.81,0.0,0.2285,WH-WEST-02,Amazon Logistics,5.3,delivered,False
TX-706942639F6A,ORD-4BE32565,2026-07-16T13:41:39.354855+00:00,CUST-18048,Small Business,Singapore,Gold,SKU-IND-687,Industrial,Hydraulics,1159.98,1,1159.98,0.0,1159.98,95.7,0.0,0.4357,WH-CENTRAL-03,FedEx Express,3.0,delivered,False
TX-D157D4E66456,ORD-D3FA1793,2026-09-19T02:42:39.354855+00:00,CUST-88955,Corporate,USA,Bronze,SKU-ELE-871,Electronics,Displays,245.66,1,245.66,10.0,221.09,18.24,27.86,0.2481,WH-CENTRAL-03,Amazon Logistics,5.3,delivered,False
TX-7B5C3A7853F4,ORD-E0566194,2026-09-09T20:56:39.354855+00:00,CUST-15778,Corporate,Canada,Bronze,SKU-ELE-307,Electronics,Laptops,301.71,10,3017.1,0.0,3017.1,248.91,0.0,0.391,WH-WEST-02,DHL Worldwide,2.7,in_transit,False
TX-9823F0ABFE23,ORD-EF1AE2AF,2026-08-15T11:05:39.354855+00:00,CUST-84690,Corporate,Singapore,Platinum,SKU-IND-407,Industrial,Sensors,909.15,1,909.15,10.0,818.24,67.5,0.0,0.2722,WH-APAC-01,UPS Freight,1.5,delivered,False
TX-1792B2FB5CFF,ORD-60B125C6,2026-08-18T03:03:39.354855+00:00,CUST-1308,Small Business,United Kingdom,Gold,SKU-APP-181,Apparel,Footwear,109.9,3,329.7,15.0,280.25,23.12,0.0,0.4157,WH-CENTRAL-03,FedEx Express,4.4,delivered,False
TX-8295D2D98BA3,ORD-CB6C9C15,2026-09-20T04:29:39.354855+00:00,CUST-41216,Corporate,Germany,Silver,SKU-ELE-940,Electronics,Displays,1384.37,1,1384.37,10.0,1245.93,102.79,0.0,0.3983,WH-WEST-02,FedEx Express,3.1,delivered,False
TX-3B1E044F9378,ORD-67C38BB5,2026-09-23T19:47:39.354855+00:00,CUST-95758,Corporate,USA,Platinum,SKU-ELE-651,Electronics,Laptops,1406.41,1,1406.41,0.0,1406.41,116.03,0.0,0.3385,WH-CENTRAL-03,FedEx Express,6.8,delivered,True
TX-B7A1F978B0F4,ORD-E5B92910,2026-07-10T08:16:39.354855+00:00,CUST-99642,Corporate,Japan,Platinum,SKU-APP-337,Apparel,Workwear,38.96,1,38.96,0.0,38.96,3.21,32.15,0.3301,WH-APAC-01,UPS Freight,4.2,delivered,False
TX-15E11732596F,ORD-CBCCA9C2,2026-07-31T23:53:39.354855+00:00,CUST-44207,Enterprise,France,Gold,SKU-IND-191,Industrial,Fasteners,1408.38,1,1408.38,5.0,1337.96,110.38,0.0,0.4082,WH-CENTRAL-03,FedEx Express,0.8,pending,False
TX-4879A27FF9C4,ORD-43D7A8A1,2026-09-28T01:54:39.354855+00:00,CUST-72590,Enterprise,Australia,Bronze,SKU-IND-383,Industrial,Sensors,1232.62,1,1232.62,5.0,1170.99,96.61,0.0,0.1803,WH-APAC-01,Amazon Logistics,2.6,delivered,False
TX-0240BB69D9EA,ORD-7FF8897C,2026-09-15T00:05:39.354855+00:00,CUST-47944,Enterprise,Japan,Bronze,SKU-HOM-867,Home & Office,Storage,220.39,1,220.39,0.0,220.39,18.18,31.35,0.1322,WH-CENTRAL-03,UPS Freight,6.0,cancelled,True
TX-7D6B7E200D47,ORD-5E81417A,2026-09-02T23:59:39.354855+00:00,CUST-49559,Small Business,Japan,Platinum,SKU-AUT-781,Automotive,Diagnostics,769.95,3,2309.85,0.0,2309.85,190.56,0.0,0.2309,WH-WEST-02,FedEx Express,2.8,delivered,False
TX-5B6F697EBA93,ORD-355FE447,2026-09-06T19:07:39.354855+00:00,CUST-89970,Consumer,USA,Platinum,SKU-ELE-582,Electronics,Displays,500.4,10,5004.0,15.0,4253.4,350.91,0.0,0.3015,WH-CENTRAL-03,Amazon Logistics,3.8,delivered,False
